================================================================================
ELASTIC CASE: EXTRACTING STRAINS FROM ODB FILES
================================================================================
Working directory: /home/lpatrign/HybridAttentionGNN
SIMULATIONS_DIR: /home/lpatrign/HybridAttentionGNN/data/raw/linear/simulations
SIMULATIONS_DIR exists: True

Reading ODB files from: /home/lpatrign/HybridAttentionGNN/data/raw/linear/simulations
Output will be saved to: /home/lpatrign/HybridAttentionGNN/data/interim/linear/strains

Output directory: /home/lpatrign/HybridAttentionGNN/data/interim/linear/strains

Found 500 ODB files to process

================================================================================
[1/500] Processing Plate_0.odb...
  DEBUG: Available steps: ['Step-1']
  DEBUG: Using step: Step-1, frames: 2
  DEBUG: Available field outputs: ['E']
  DEBUG: Strain field has 13716 values
  DEBUG: Checking available positions...
  DEBUG: Total transformed field values: 13716
  DEBUG: INTEGRATION_POINT field has 0 values
  DEBUG: ELEMENT_NODAL field has 13716 values
  DEBUG: Processing 1 instances
  DEBUG: Instance 'PLATE-1' has 2286 elements
  DEBUG: Instance field has 13716 values
  DEBUG: Collected strains for 1219 nodes
  ✓ Saved 1219 nodal strain values
[2/500] Processing Plate_1.odb...
  DEBUG: Available steps: ['Step-1']
  DEBUG: Using step: Step-1, frames: 2
  DEBUG: Available field outputs: ['E']
  DEBUG: Strain field has 13716 values
  DEBUG: Checking available positions...
  DEBUG: Total transformed field values: 13716
  DEBUG: INTEGRATION_POINT field has 0 values
  DEBUG: ELEMENT_NODAL field has 13716 values
  DEBUG: Processing 1 instances
  DEBUG: Instance 'PLATE-1' has 2286 elements
  DEBUG: Instance field has 13716 values
  DEBUG: Collected strains for 1219 nodes
  ✓ Saved 1219 nodal strain values
[3/500] Processing Plate_10.odb...
  DEBUG: Available steps: ['Step-1']
  DEBUG: Using step: Step-1, frames: 2
  DEBUG: Available field outputs: ['E']
  DEBUG: Strain field has 13716 values
  DEBUG: Checking available positions...
  DEBUG: Total transformed field values: 13716
  DEBUG: INTEGRATION_POINT field has 0 values
  DEBUG: ELEMENT_NODAL field has 13716 values
  DEBUG: Processing 1 instances
  DEBUG: Instance 'PLATE-1' has 2286 elements
  DEBUG: Instance field has 13716 values
  DEBUG: Collected strains for 1219 nodes
  ✓ Saved 1219 nodal strain values
[4/500] Processing Plate_100.odb...
  DEBUG: Available steps: ['Step-1']
  DEBUG: Using step: Step-1, frames: 2
  DEBUG: Available field outputs: ['E']
  DEBUG: Strain field has 13656 values
  DEBUG: Checking available positions...
  DEBUG: Total transformed field values: 13656
  DEBUG: INTEGRATION_POINT field has 0 values
  DEBUG: ELEMENT_NODAL field has 13656 values
  DEBUG: Processing 1 instances
  DEBUG: Instance 'PLATE-1' has 2276 elements
  DEBUG: Instance field has 13656 values
  DEBUG: Collected strains for 1215 nodes
  ✓ Saved 1215 nodal strain values
[5/500] Processing Plate_101.odb...
  DEBUG: Available steps: ['Step-1']
  DEBUG: Using step: Step-1, frames: 2
  DEBUG: Available field outputs: ['E']
  DEBUG: Strain field has 13656 values
  DEBUG: Checking available positions...
  DEBUG: Total transformed field values: 13656
  DEBUG: INTEGRATION_POINT field has 0 values
  DEBUG: ELEMENT_NODAL field has 13656 values
  DEBUG: Processing 1 instances
  DEBUG: Instance 'PLATE-1' has 2276 elements
  DEBUG: Instance field has 13656 values
  DEBUG: Collected strains for 1215 nodes
  ✓ Saved 1215 nodal strain values
[6/500] Processing Plate_102.odb...
  DEBUG: Available steps: ['Step-1']
  DEBUG: Using step: Step-1, frames: 2
  DEBUG: Available field outputs: ['E']
  DEBUG: Strain field has 13656 values
  DEBUG: Checking available positions...
  DEBUG: Total transformed field values: 13656
  DEBUG: INTEGRATION_POINT field has 0 values
  DEBUG: ELEMENT_NODAL field has 13656 values
  DEBUG: Processing 1 instances
  DEBUG: Instance 'PLATE-1' has 2276 elements
  DEBUG: Instance field has 13656 values
  DEBUG: Collected strains for 1215 nodes
  ✓ Saved 1215 nodal strain values
[7/500] Processing Plate_103.odb...
  DEBUG: Available steps: ['Step-1']
  DEBUG: Using step: Step-1, frames: 2
  DEBUG: Available field outputs: ['E']
  DEBUG: Strain field has 13656 values
  DEBUG: Checking available positions...
  DEBUG: Total transformed field values: 13656
  DEBUG: INTEGRATION_POINT field has 0 values
  DEBUG: ELEMENT_NODAL field has 13656 values
  DEBUG: Processing 1 instances
  DEBUG: Instance 'PLATE-1' has 2276 elements
  DEBUG: Instance field has 13656 values
  DEBUG: Collected strains for 1215 nodes
  ✓ Saved 1215 nodal strain values
[8/500] Processing Plate_104.odb...
  DEBUG: Available steps: ['Step-1']
  DEBUG: Using step: Step-1, frames: 2
  DEBUG: Available field outputs: ['E']
  DEBUG: Strain field has 13656 values
  DEBUG: Checking available positions...
  DEBUG: Total transformed field values: 13656
  DEBUG: INTEGRATION_POINT field has 0 values
  DEBUG: ELEMENT_NODAL field has 13656 values
  DEBUG: Processing 1 instances
  DEBUG: Instance 'PLATE-1' has 2276 elements
  DEBUG: Instance field has 13656 values
  DEBUG: Collected strains for 1215 nodes
  ✓ Saved 1215 nodal strain values
[9/500] Processing Plate_105.odb...
  DEBUG: Available steps: ['Step-1']
  DEBUG: Using step: Step-1, frames: 2
  DEBUG: Available field outputs: ['E']
  DEBUG: Strain field has 13656 values
  DEBUG: Checking available positions...
  DEBUG: Total transformed field values: 13656
  DEBUG: INTEGRATION_POINT field has 0 values
  DEBUG: ELEMENT_NODAL field has 13656 values
  DEBUG: Processing 1 instances
  DEBUG: Instance 'PLATE-1' has 2276 elements
  DEBUG: Instance field has 13656 values
  DEBUG: Collected strains for 1215 nodes
  ✓ Saved 1215 nodal strain values
[10/500] Processing Plate_106.odb...
  DEBUG: Available steps: ['Step-1']
  DEBUG: Using step: Step-1, frames: 2
  DEBUG: Available field outputs: ['E']
  DEBUG: Strain field has 13656 values
  DEBUG: Checking available positions...
  DEBUG: Total transformed field values: 13656
  DEBUG: INTEGRATION_POINT field has 0 values
  DEBUG: ELEMENT_NODAL field has 13656 values
  DEBUG: Processing 1 instances
  DEBUG: Instance 'PLATE-1' has 2276 elements
  DEBUG: Instance field has 13656 values
  DEBUG: Collected strains for 1215 nodes
  ✓ Saved 1215 nodal strain values
[11/500] Processing Plate_107.odb...
  DEBUG: Available steps: ['Step-1']
  DEBUG: Using step: Step-1, frames: 2
  DEBUG: Available field outputs: ['E']
  DEBUG: Strain field has 13656 values
  DEBUG: Checking available positions...
  DEBUG: Total transformed field values: 13656
  DEBUG: INTEGRATION_POINT field has 0 values
  DEBUG: ELEMENT_NODAL field has 13656 values
  DEBUG: Processing 1 instances
  DEBUG: Instance 'PLATE-1' has 2276 elements
  DEBUG: Instance field has 13656 values
  DEBUG: Collected strains for 1215 nodes
  ✓ Saved 1215 nodal strain values
[12/500] Processing Plate_108.odb...
  DEBUG: Available steps: ['Step-1']
  DEBUG: Using step: Step-1, frames: 2
  DEBUG: Available field outputs: ['E']
  DEBUG: Strain field has 13656 values
  DEBUG: Checking available positions...
  DEBUG: Total transformed field values: 13656
  DEBUG: INTEGRATION_POINT field has 0 values
  DEBUG: ELEMENT_NODAL field has 13656 values
  DEBUG: Processing 1 instances
  DEBUG: Instance 'PLATE-1' has 2276 elements
  DEBUG: Instance field has 13656 values
  DEBUG: Collected strains for 1215 nodes
  ✓ Saved 1215 nodal strain values
[13/500] Processing Plate_109.odb...
  DEBUG: Available steps: ['Step-1']
  DEBUG: Using step: Step-1, frames: 2
  DEBUG: Available field outputs: ['E']
  DEBUG: Strain field has 13656 values
  DEBUG: Checking available positions...
  DEBUG: Total transformed field values: 13656
  DEBUG: INTEGRATION_POINT field has 0 values
  DEBUG: ELEMENT_NODAL field has 13656 values
  DEBUG: Processing 1 instances
  DEBUG: Instance 'PLATE-1' has 2276 elements
  DEBUG: Instance field has 13656 values
  DEBUG: Collected strains for 1215 nodes
  ✓ Saved 1215 nodal strain values
[14/500] Processing Plate_11.odb...
  DEBUG: Available steps: ['Step-1']
  DEBUG: Using step: Step-1, frames: 2
  DEBUG: Available field outputs: ['E']
  DEBUG: Strain field has 13716 values
  DEBUG: Checking available positions...
  DEBUG: Total transformed field values: 13716
  DEBUG: INTEGRATION_POINT field has 0 values
  DEBUG: ELEMENT_NODAL field has 13716 values
  DEBUG: Processing 1 instances
  DEBUG: Instance 'PLATE-1' has 2286 elements
  DEBUG: Instance field has 13716 values
  DEBUG: Collected strains for 1219 nodes
  ✓ Saved 1219 nodal strain values
[15/500] Processing Plate_110.odb...
  DEBUG: Available steps: ['Step-1']
  DEBUG: Using step: Step-1, frames: 2
  DEBUG: Available field outputs: ['E']
  DEBUG: Strain field has 13656 values
  DEBUG: Checking available positions...
  DEBUG: Total transformed field values: 13656
  DEBUG: INTEGRATION_POINT field has 0 values
  DEBUG: ELEMENT_NODAL field has 13656 values
  DEBUG: Processing 1 instances
  DEBUG: Instance 'PLATE-1' has 2276 elements
  DEBUG: Instance field has 13656 values
  DEBUG: Collected strains for 1215 nodes
  ✓ Saved 1215 nodal strain values
[16/500] Processing Plate_111.odb...
  DEBUG: Available steps: ['Step-1']
  DEBUG: Using step: Step-1, frames: 2
  DEBUG: Available field outputs: ['E']
  DEBUG: Strain field has 13656 values
  DEBUG: Checking available positions...
  DEBUG: Total transformed field values: 13656
  DEBUG: INTEGRATION_POINT field has 0 values
  DEBUG: ELEMENT_NODAL field has 13656 values
  DEBUG: Processing 1 instances
  DEBUG: Instance 'PLATE-1' has 2276 elements
  DEBUG: Instance field has 13656 values
  DEBUG: Collected strains for 1215 nodes
  ✓ Saved 1215 nodal strain values
[17/500] Processing Plate_112.odb...
  DEBUG: Available steps: ['Step-1']
  DEBUG: Using step: Step-1, frames: 2
  DEBUG: Available field outputs: ['E']
  DEBUG: Strain field has 13656 values
  DEBUG: Checking available positions...
  DEBUG: Total transformed field values: 13656
  DEBUG: INTEGRATION_POINT field has 0 values
  DEBUG: ELEMENT_NODAL field has 13656 values
  DEBUG: Processing 1 instances
  DEBUG: Instance 'PLATE-1' has 2276 elements
  DEBUG: Instance field has 13656 values
  DEBUG: Collected strains for 1215 nodes
  ✓ Saved 1215 nodal strain values
[18/500] Processing Plate_113.odb...
  DEBUG: Available steps: ['Step-1']
  DEBUG: Using step: Step-1, frames: 2
  DEBUG: Available field outputs: ['E']
  DEBUG: Strain field has 13656 values
  DEBUG: Checking available positions...
  DEBUG: Total transformed field values: 13656
  DEBUG: INTEGRATION_POINT field has 0 values
  DEBUG: ELEMENT_NODAL field has 13656 values
  DEBUG: Processing 1 instances
  DEBUG: Instance 'PLATE-1' has 2276 elements
  DEBUG: Instance field has 13656 values
  DEBUG: Collected strains for 1215 nodes
  ✓ Saved 1215 nodal strain values
[19/500] Processing Plate_114.odb...
  DEBUG: Available steps: ['Step-1']
  DEBUG: Using step: Step-1, frames: 2
  DEBUG: Available field outputs: ['E']
  DEBUG: Strain field has 13656 values
  DEBUG: Checking available positions...
  DEBUG: Total transformed field values: 13656
  DEBUG: INTEGRATION_POINT field has 0 values
  DEBUG: ELEMENT_NODAL field has 13656 values
  DEBUG: Processing 1 instances
  DEBUG: Instance 'PLATE-1' has 2276 elements
  DEBUG: Instance field has 13656 values
  DEBUG: Collected strains for 1215 nodes
  ✓ Saved 1215 nodal strain values
[20/500] Processing Plate_115.odb...
  DEBUG: Available steps: ['Step-1']
  DEBUG: Using step: Step-1, frames: 2
  DEBUG: Available field outputs: ['E']
  DEBUG: Strain field has 13656 values
  DEBUG: Checking available positions...
  DEBUG: Total transformed field values: 13656
  DEBUG: INTEGRATION_POINT field has 0 values
  DEBUG: ELEMENT_NODAL field has 13656 values
  DEBUG: Processing 1 instances
  DEBUG: Instance 'PLATE-1' has 2276 elements
  DEBUG: Instance field has 13656 values
  DEBUG: Collected strains for 1215 nodes
  ✓ Saved 1215 nodal strain values
[21/500] Processing Plate_116.odb...
  DEBUG: Available steps: ['Step-1']
  DEBUG: Using step: Step-1, frames: 2
  DEBUG: Available field outputs: ['E']
  DEBUG: Strain field has 13656 values
  DEBUG: Checking available positions...
  DEBUG: Total transformed field values: 13656
  DEBUG: INTEGRATION_POINT field has 0 values
  DEBUG: ELEMENT_NODAL field has 13656 values
  DEBUG: Processing 1 instances
  DEBUG: Instance 'PLATE-1' has 2276 elements
  DEBUG: Instance field has 13656 values
  DEBUG: Collected strains for 1215 nodes
  ✓ Saved 1215 nodal strain values
[22/500] Processing Plate_117.odb...
  DEBUG: Available steps: ['Step-1']
  DEBUG: Using step: Step-1, frames: 2
  DEBUG: Available field outputs: ['E']
  DEBUG: Strain field has 13656 values
  DEBUG: Checking available positions...
  DEBUG: Total transformed field values: 13656
  DEBUG: INTEGRATION_POINT field has 0 values
  DEBUG: ELEMENT_NODAL field has 13656 values
  DEBUG: Processing 1 instances
  DEBUG: Instance 'PLATE-1' has 2276 elements
  DEBUG: Instance field has 13656 values
  DEBUG: Collected strains for 1215 nodes
  ✓ Saved 1215 nodal strain values
[23/500] Processing Plate_118.odb...
  DEBUG: Available steps: ['Step-1']
  DEBUG: Using step: Step-1, frames: 2
  DEBUG: Available field outputs: ['E']
  DEBUG: Strain field has 13656 values
  DEBUG: Checking available positions...
  DEBUG: Total transformed field values: 13656
  DEBUG: INTEGRATION_POINT field has 0 values
  DEBUG: ELEMENT_NODAL field has 13656 values
  DEBUG: Processing 1 instances
  DEBUG: Instance 'PLATE-1' has 2276 elements
  DEBUG: Instance field has 13656 values
  DEBUG: Collected strains for 1215 nodes
  ✓ Saved 1215 nodal strain values
[24/500] Processing Plate_119.odb...
  DEBUG: Available steps: ['Step-1']
  DEBUG: Using step: Step-1, frames: 2
  DEBUG: Available field outputs: ['E']
  DEBUG: Strain field has 13656 values
  DEBUG: Checking available positions...
  DEBUG: Total transformed field values: 13656
  DEBUG: INTEGRATION_POINT field has 0 values
  DEBUG: ELEMENT_NODAL field has 13656 values
  DEBUG: Processing 1 instances
  DEBUG: Instance 'PLATE-1' has 2276 elements
  DEBUG: Instance field has 13656 values
  DEBUG: Collected strains for 1215 nodes
  ✓ Saved 1215 nodal strain values
[25/500] Processing Plate_12.odb...
  DEBUG: Available steps: ['Step-1']
  DEBUG: Using step: Step-1, frames: 2
  DEBUG: Available field outputs: ['E']
  DEBUG: Strain field has 13716 values
  DEBUG: Checking available positions...
  DEBUG: Total transformed field values: 13716
  DEBUG: INTEGRATION_POINT field has 0 values
  DEBUG: ELEMENT_NODAL field has 13716 values
  DEBUG: Processing 1 instances
  DEBUG: Instance 'PLATE-1' has 2286 elements
  DEBUG: Instance field has 13716 values
  DEBUG: Collected strains for 1219 nodes
  ✓ Saved 1219 nodal strain values
[26/500] Processing Plate_120.odb...
  DEBUG: Available steps: ['Step-1']
  DEBUG: Using step: Step-1, frames: 2
  DEBUG: Available field outputs: ['E']
  DEBUG: Strain field has 13596 values
  DEBUG: Checking available positions...
  DEBUG: Total transformed field values: 13596
  DEBUG: INTEGRATION_POINT field has 0 values
  DEBUG: ELEMENT_NODAL field has 13596 values
  DEBUG: Processing 1 instances
  DEBUG: Instance 'PLATE-1' has 2266 elements
  DEBUG: Instance field has 13596 values
  DEBUG: Collected strains for 1209 nodes
  ✓ Saved 1209 nodal strain values
[27/500] Processing Plate_121.odb...
  DEBUG: Available steps: ['Step-1']
  DEBUG: Using step: Step-1, frames: 2
  DEBUG: Available field outputs: ['E']
  DEBUG: Strain field has 13596 values
  DEBUG: Checking available positions...
  DEBUG: Total transformed field values: 13596
  DEBUG: INTEGRATION_POINT field has 0 values
  DEBUG: ELEMENT_NODAL field has 13596 values
  DEBUG: Processing 1 instances
  DEBUG: Instance 'PLATE-1' has 2266 elements
  DEBUG: Instance field has 13596 values
  DEBUG: Collected strains for 1209 nodes
  ✓ Saved 1209 nodal strain values
[28/500] Processing Plate_122.odb...
  DEBUG: Available steps: ['Step-1']
  DEBUG: Using step: Step-1, frames: 2
  DEBUG: Available field outputs: ['E']
  DEBUG: Strain field has 13596 values
  DEBUG: Checking available positions...
  DEBUG: Total transformed field values: 13596
  DEBUG: INTEGRATION_POINT field has 0 values
  DEBUG: ELEMENT_NODAL field has 13596 values
  DEBUG: Processing 1 instances
  DEBUG: Instance 'PLATE-1' has 2266 elements
  DEBUG: Instance field has 13596 values
  DEBUG: Collected strains for 1209 nodes
  ✓ Saved 1209 nodal strain values
[29/500] Processing Plate_123.odb...
  DEBUG: Available steps: ['Step-1']
  DEBUG: Using step: Step-1, frames: 2
  DEBUG: Available field outputs: ['E']
  DEBUG: Strain field has 13596 values
  DEBUG: Checking available positions...
  DEBUG: Total transformed field values: 13596
  DEBUG: INTEGRATION_POINT field has 0 values
  DEBUG: ELEMENT_NODAL field has 13596 values
  DEBUG: Processing 1 instances
  DEBUG: Instance 'PLATE-1' has 2266 elements
  DEBUG: Instance field has 13596 values
  DEBUG: Collected strains for 1209 nodes
  ✓ Saved 1209 nodal strain values
[30/500] Processing Plate_124.odb...
  DEBUG: Available steps: ['Step-1']
  DEBUG: Using step: Step-1, frames: 2
  DEBUG: Available field outputs: ['E']
  DEBUG: Strain field has 13596 values
  DEBUG: Checking available positions...
  DEBUG: Total transformed field values: 13596
  DEBUG: INTEGRATION_POINT field has 0 values
  DEBUG: ELEMENT_NODAL field has 13596 values
  DEBUG: Processing 1 instances
  DEBUG: Instance 'PLATE-1' has 2266 elements
  DEBUG: Instance field has 13596 values
  DEBUG: Collected strains for 1209 nodes
  ✓ Saved 1209 nodal strain values
[31/500] Processing Plate_125.odb...
  DEBUG: Available steps: ['Step-1']
  DEBUG: Using step: Step-1, frames: 2
  DEBUG: Available field outputs: ['E']
  DEBUG: Strain field has 13596 values
  DEBUG: Checking available positions...
  DEBUG: Total transformed field values: 13596
  DEBUG: INTEGRATION_POINT field has 0 values
  DEBUG: ELEMENT_NODAL field has 13596 values
  DEBUG: Processing 1 instances
  DEBUG: Instance 'PLATE-1' has 2266 elements
  DEBUG: Instance field has 13596 values
  DEBUG: Collected strains for 1209 nodes
  ✓ Saved 1209 nodal strain values
[32/500] Processing Plate_126.odb...
  DEBUG: Available steps: ['Step-1']
  DEBUG: Using step: Step-1, frames: 2
  DEBUG: Available field outputs: ['E']
  DEBUG: Strain field has 13596 values
  DEBUG: Checking available positions...
  DEBUG: Total transformed field values: 13596
  DEBUG: INTEGRATION_POINT field has 0 values
  DEBUG: ELEMENT_NODAL field has 13596 values
  DEBUG: Processing 1 instances
  DEBUG: Instance 'PLATE-1' has 2266 elements
  DEBUG: Instance field has 13596 values
  DEBUG: Collected strains for 1209 nodes
  ✓ Saved 1209 nodal strain values
[33/500] Processing Plate_127.odb...
  DEBUG: Available steps: ['Step-1']
  DEBUG: Using step: Step-1, frames: 2
  DEBUG: Available field outputs: ['E']
  DEBUG: Strain field has 13596 values
  DEBUG: Checking available positions...
  DEBUG: Total transformed field values: 13596
  DEBUG: INTEGRATION_POINT field has 0 values
  DEBUG: ELEMENT_NODAL field has 13596 values
  DEBUG: Processing 1 instances
  DEBUG: Instance 'PLATE-1' has 2266 elements
  DEBUG: Instance field has 13596 values
  DEBUG: Collected strains for 1209 nodes
  ✓ Saved 1209 nodal strain values
[34/500] Processing Plate_128.odb...
  DEBUG: Available steps: ['Step-1']
  DEBUG: Using step: Step-1, frames: 2
  DEBUG: Available field outputs: ['E']
  DEBUG: Strain field has 13596 values
  DEBUG: Checking available positions...
  DEBUG: Total transformed field values: 13596
  DEBUG: INTEGRATION_POINT field has 0 values
  DEBUG: ELEMENT_NODAL field has 13596 values
  DEBUG: Processing 1 instances
  DEBUG: Instance 'PLATE-1' has 2266 elements
  DEBUG: Instance field has 13596 values
  DEBUG: Collected strains for 1209 nodes
  ✓ Saved 1209 nodal strain values
[35/500] Processing Plate_129.odb...
  DEBUG: Available steps: ['Step-1']
  DEBUG: Using step: Step-1, frames: 2
  DEBUG: Available field outputs: ['E']
  DEBUG: Strain field has 13596 values
  DEBUG: Checking available positions...
  DEBUG: Total transformed field values: 13596
  DEBUG: INTEGRATION_POINT field has 0 values
  DEBUG: ELEMENT_NODAL field has 13596 values
  DEBUG: Processing 1 instances
  DEBUG: Instance 'PLATE-1' has 2266 elements
  DEBUG: Instance field has 13596 values
  DEBUG: Collected strains for 1209 nodes
  ✓ Saved 1209 nodal strain values
[36/500] Processing Plate_13.odb...
  DEBUG: Available steps: ['Step-1']
  DEBUG: Using step: Step-1, frames: 2
  DEBUG: Available field outputs: ['E']
  DEBUG: Strain field has 13716 values
  DEBUG: Checking available positions...
  DEBUG: Total transformed field values: 13716
  DEBUG: INTEGRATION_POINT field has 0 values
  DEBUG: ELEMENT_NODAL field has 13716 values
  DEBUG: Processing 1 instances
  DEBUG: Instance 'PLATE-1' has 2286 elements
  DEBUG: Instance field has 13716 values
  DEBUG: Collected strains for 1219 nodes
  ✓ Saved 1219 nodal strain values
[37/500] Processing Plate_130.odb...
  DEBUG: Available steps: ['Step-1']
  DEBUG: Using step: Step-1, frames: 2
  DEBUG: Available field outputs: ['E']
  DEBUG: Strain field has 13596 values
  DEBUG: Checking available positions...
  DEBUG: Total transformed field values: 13596
  DEBUG: INTEGRATION_POINT field has 0 values
  DEBUG: ELEMENT_NODAL field has 13596 values
  DEBUG: Processing 1 instances
  DEBUG: Instance 'PLATE-1' has 2266 elements
  DEBUG: Instance field has 13596 values
  DEBUG: Collected strains for 1209 nodes
  ✓ Saved 1209 nodal strain values
[38/500] Processing Plate_131.odb...
  DEBUG: Available steps: ['Step-1']
  DEBUG: Using step: Step-1, frames: 2
  DEBUG: Available field outputs: ['E']
  DEBUG: Strain field has 13596 values
  DEBUG: Checking available positions...
  DEBUG: Total transformed field values: 13596
  DEBUG: INTEGRATION_POINT field has 0 values
  DEBUG: ELEMENT_NODAL field has 13596 values
  DEBUG: Processing 1 instances
  DEBUG: Instance 'PLATE-1' has 2266 elements
  DEBUG: Instance field has 13596 values
  DEBUG: Collected strains for 1209 nodes
  ✓ Saved 1209 nodal strain values
[39/500] Processing Plate_132.odb...
  DEBUG: Available steps: ['Step-1']
  DEBUG: Using step: Step-1, frames: 2
  DEBUG: Available field outputs: ['E']
  DEBUG: Strain field has 13596 values
  DEBUG: Checking available positions...
  DEBUG: Total transformed field values: 13596
  DEBUG: INTEGRATION_POINT field has 0 values
  DEBUG: ELEMENT_NODAL field has 13596 values
  DEBUG: Processing 1 instances
  DEBUG: Instance 'PLATE-1' has 2266 elements
  DEBUG: Instance field has 13596 values
  DEBUG: Collected strains for 1209 nodes
  ✓ Saved 1209 nodal strain values
[40/500] Processing Plate_133.odb...
  DEBUG: Available steps: ['Step-1']
  DEBUG: Using step: Step-1, frames: 2
  DEBUG: Available field outputs: ['E']
  DEBUG: Strain field has 13596 values
  DEBUG: Checking available positions...
  DEBUG: Total transformed field values: 13596
  DEBUG: INTEGRATION_POINT field has 0 values
  DEBUG: ELEMENT_NODAL field has 13596 values
  DEBUG: Processing 1 instances
  DEBUG: Instance 'PLATE-1' has 2266 elements
  DEBUG: Instance field has 13596 values
  DEBUG: Collected strains for 1209 nodes
  ✓ Saved 1209 nodal strain values
[41/500] Processing Plate_134.odb...
  DEBUG: Available steps: ['Step-1']
  DEBUG: Using step: Step-1, frames: 2
  DEBUG: Available field outputs: ['E']
  DEBUG: Strain field has 13596 values
  DEBUG: Checking available positions...
  DEBUG: Total transformed field values: 13596
  DEBUG: INTEGRATION_POINT field has 0 values
  DEBUG: ELEMENT_NODAL field has 13596 values
  DEBUG: Processing 1 instances
  DEBUG: Instance 'PLATE-1' has 2266 elements
  DEBUG: Instance field has 13596 values
  DEBUG: Collected strains for 1209 nodes
  ✓ Saved 1209 nodal strain values
[42/500] Processing Plate_135.odb...
  DEBUG: Available steps: ['Step-1']
  DEBUG: Using step: Step-1, frames: 2
  DEBUG: Available field outputs: ['E']
  DEBUG: Strain field has 13596 values
  DEBUG: Checking available positions...
  DEBUG: Total transformed field values: 13596
  DEBUG: INTEGRATION_POINT field has 0 values
  DEBUG: ELEMENT_NODAL field has 13596 values
  DEBUG: Processing 1 instances
  DEBUG: Instance 'PLATE-1' has 2266 elements
  DEBUG: Instance field has 13596 values
  DEBUG: Collected strains for 1209 nodes
  ✓ Saved 1209 nodal strain values
[43/500] Processing Plate_136.odb...
  DEBUG: Available steps: ['Step-1']
  DEBUG: Using step: Step-1, frames: 2
  DEBUG: Available field outputs: ['E']
  DEBUG: Strain field has 13596 values
  DEBUG: Checking available positions...
  DEBUG: Total transformed field values: 13596
  DEBUG: INTEGRATION_POINT field has 0 values
  DEBUG: ELEMENT_NODAL field has 13596 values
  DEBUG: Processing 1 instances
  DEBUG: Instance 'PLATE-1' has 2266 elements
  DEBUG: Instance field has 13596 values
  DEBUG: Collected strains for 1209 nodes
  ✓ Saved 1209 nodal strain values
[44/500] Processing Plate_137.odb...
  DEBUG: Available steps: ['Step-1']
  DEBUG: Using step: Step-1, frames: 2
  DEBUG: Available field outputs: ['E']
  DEBUG: Strain field has 13596 values
  DEBUG: Checking available positions...
  DEBUG: Total transformed field values: 13596
  DEBUG: INTEGRATION_POINT field has 0 values
  DEBUG: ELEMENT_NODAL field has 13596 values
  DEBUG: Processing 1 instances
  DEBUG: Instance 'PLATE-1' has 2266 elements
  DEBUG: Instance field has 13596 values
  DEBUG: Collected strains for 1209 nodes
  ✓ Saved 1209 nodal strain values
[45/500] Processing Plate_138.odb...
  DEBUG: Available steps: ['Step-1']
  DEBUG: Using step: Step-1, frames: 2
  DEBUG: Available field outputs: ['E']
  DEBUG: Strain field has 13596 values
  DEBUG: Checking available positions...
  DEBUG: Total transformed field values: 13596
  DEBUG: INTEGRATION_POINT field has 0 values
  DEBUG: ELEMENT_NODAL field has 13596 values
  DEBUG: Processing 1 instances
  DEBUG: Instance 'PLATE-1' has 2266 elements
  DEBUG: Instance field has 13596 values
  DEBUG: Collected strains for 1209 nodes
  ✓ Saved 1209 nodal strain values
[46/500] Processing Plate_139.odb...
  DEBUG: Available steps: ['Step-1']
  DEBUG: Using step: Step-1, frames: 2
  DEBUG: Available field outputs: ['E']
  DEBUG: Strain field has 13596 values
  DEBUG: Checking available positions...
  DEBUG: Total transformed field values: 13596
  DEBUG: INTEGRATION_POINT field has 0 values
  DEBUG: ELEMENT_NODAL field has 13596 values
  DEBUG: Processing 1 instances
  DEBUG: Instance 'PLATE-1' has 2266 elements
  DEBUG: Instance field has 13596 values
  DEBUG: Collected strains for 1209 nodes
  ✓ Saved 1209 nodal strain values
[47/500] Processing Plate_14.odb...
  DEBUG: Available steps: ['Step-1']
  DEBUG: Using step: Step-1, frames: 2
  DEBUG: Available field outputs: ['E']
  DEBUG: Strain field has 13716 values
  DEBUG: Checking available positions...
  DEBUG: Total transformed field values: 13716
  DEBUG: INTEGRATION_POINT field has 0 values
  DEBUG: ELEMENT_NODAL field has 13716 values
  DEBUG: Processing 1 instances
  DEBUG: Instance 'PLATE-1' has 2286 elements
  DEBUG: Instance field has 13716 values
  DEBUG: Collected strains for 1219 nodes
  ✓ Saved 1219 nodal strain values
[48/500] Processing Plate_140.odb...
  DEBUG: Available steps: ['Step-1']
  DEBUG: Using step: Step-1, frames: 2
  DEBUG: Available field outputs: ['E']
  DEBUG: Strain field has 13800 values
  DEBUG: Checking available positions...
  DEBUG: Total transformed field values: 13800
  DEBUG: INTEGRATION_POINT field has 0 values
  DEBUG: ELEMENT_NODAL field has 13800 values
  DEBUG: Processing 1 instances
  DEBUG: Instance 'PLATE-1' has 2300 elements
  DEBUG: Instance field has 13800 values
  DEBUG: Collected strains for 1227 nodes
  ✓ Saved 1227 nodal strain values
[49/500] Processing Plate_141.odb...
  DEBUG: Available steps: ['Step-1']
  DEBUG: Using step: Step-1, frames: 2
  DEBUG: Available field outputs: ['E']
  DEBUG: Strain field has 13800 values
  DEBUG: Checking available positions...
  DEBUG: Total transformed field values: 13800
  DEBUG: INTEGRATION_POINT field has 0 values
  DEBUG: ELEMENT_NODAL field has 13800 values
  DEBUG: Processing 1 instances
  DEBUG: Instance 'PLATE-1' has 2300 elements
  DEBUG: Instance field has 13800 values
  DEBUG: Collected strains for 1227 nodes
  ✓ Saved 1227 nodal strain values
[50/500] Processing Plate_142.odb...
  DEBUG: Available steps: ['Step-1']
  DEBUG: Using step: Step-1, frames: 2
  DEBUG: Available field outputs: ['E']
  DEBUG: Strain field has 13800 values
  DEBUG: Checking available positions...
  DEBUG: Total transformed field values: 13800
  DEBUG: INTEGRATION_POINT field has 0 values
  DEBUG: ELEMENT_NODAL field has 13800 values
  DEBUG: Processing 1 instances
  DEBUG: Instance 'PLATE-1' has 2300 elements
  DEBUG: Instance field has 13800 values
  DEBUG: Collected strains for 1227 nodes
  ✓ Saved 1227 nodal strain values
[51/500] Processing Plate_143.odb...
  DEBUG: Available steps: ['Step-1']
  DEBUG: Using step: Step-1, frames: 2
  DEBUG: Available field outputs: ['E']
  DEBUG: Strain field has 13800 values
  DEBUG: Checking available positions...
  DEBUG: Total transformed field values: 13800
  DEBUG: INTEGRATION_POINT field has 0 values
  DEBUG: ELEMENT_NODAL field has 13800 values
  DEBUG: Processing 1 instances
  DEBUG: Instance 'PLATE-1' has 2300 elements
  DEBUG: Instance field has 13800 values
  DEBUG: Collected strains for 1227 nodes
  ✓ Saved 1227 nodal strain values
[52/500] Processing Plate_144.odb...
  DEBUG: Available steps: ['Step-1']
  DEBUG: Using step: Step-1, frames: 2
  DEBUG: Available field outputs: ['E']
  DEBUG: Strain field has 13800 values
  DEBUG: Checking available positions...
  DEBUG: Total transformed field values: 13800
  DEBUG: INTEGRATION_POINT field has 0 values
  DEBUG: ELEMENT_NODAL field has 13800 values
  DEBUG: Processing 1 instances
  DEBUG: Instance 'PLATE-1' has 2300 elements
  DEBUG: Instance field has 13800 values
  DEBUG: Collected strains for 1227 nodes
  ✓ Saved 1227 nodal strain values
[53/500] Processing Plate_145.odb...
  DEBUG: Available steps: ['Step-1']
  DEBUG: Using step: Step-1, frames: 2
  DEBUG: Available field outputs: ['E']
  DEBUG: Strain field has 13800 values
  DEBUG: Checking available positions...
  DEBUG: Total transformed field values: 13800
  DEBUG: INTEGRATION_POINT field has 0 values
  DEBUG: ELEMENT_NODAL field has 13800 values
  DEBUG: Processing 1 instances
  DEBUG: Instance 'PLATE-1' has 2300 elements
  DEBUG: Instance field has 13800 values
  DEBUG: Collected strains for 1227 nodes
  ✓ Saved 1227 nodal strain values
[54/500] Processing Plate_146.odb...
  DEBUG: Available steps: ['Step-1']
  DEBUG: Using step: Step-1, frames: 2
  DEBUG: Available field outputs: ['E']
  DEBUG: Strain field has 13800 values
  DEBUG: Checking available positions...
  DEBUG: Total transformed field values: 13800
  DEBUG: INTEGRATION_POINT field has 0 values
  DEBUG: ELEMENT_NODAL field has 13800 values
  DEBUG: Processing 1 instances
  DEBUG: Instance 'PLATE-1' has 2300 elements
  DEBUG: Instance field has 13800 values
  DEBUG: Collected strains for 1227 nodes
  ✓ Saved 1227 nodal strain values
[55/500] Processing Plate_147.odb...
  DEBUG: Available steps: ['Step-1']
  DEBUG: Using step: Step-1, frames: 2
  DEBUG: Available field outputs: ['E']
  DEBUG: Strain field has 13800 values
  DEBUG: Checking available positions...
  DEBUG: Total transformed field values: 13800
  DEBUG: INTEGRATION_POINT field has 0 values
  DEBUG: ELEMENT_NODAL field has 13800 values
  DEBUG: Processing 1 instances
  DEBUG: Instance 'PLATE-1' has 2300 elements
  DEBUG: Instance field has 13800 values
  DEBUG: Collected strains for 1227 nodes
  ✓ Saved 1227 nodal strain values
[56/500] Processing Plate_148.odb...
  DEBUG: Available steps: ['Step-1']
  DEBUG: Using step: Step-1, frames: 2
  DEBUG: Available field outputs: ['E']
  DEBUG: Strain field has 13800 values
  DEBUG: Checking available positions...
  DEBUG: Total transformed field values: 13800
  DEBUG: INTEGRATION_POINT field has 0 values
  DEBUG: ELEMENT_NODAL field has 13800 values
  DEBUG: Processing 1 instances
  DEBUG: Instance 'PLATE-1' has 2300 elements
  DEBUG: Instance field has 13800 values
  DEBUG: Collected strains for 1227 nodes
  ✓ Saved 1227 nodal strain values
[57/500] Processing Plate_149.odb...
  DEBUG: Available steps: ['Step-1']
  DEBUG: Using step: Step-1, frames: 2
  DEBUG: Available field outputs: ['E']
  DEBUG: Strain field has 13800 values
  DEBUG: Checking available positions...
  DEBUG: Total transformed field values: 13800
  DEBUG: INTEGRATION_POINT field has 0 values
  DEBUG: ELEMENT_NODAL field has 13800 values
  DEBUG: Processing 1 instances
  DEBUG: Instance 'PLATE-1' has 2300 elements
  DEBUG: Instance field has 13800 values
  DEBUG: Collected strains for 1227 nodes
  ✓ Saved 1227 nodal strain values
[58/500] Processing Plate_15.odb...
  DEBUG: Available steps: ['Step-1']
  DEBUG: Using step: Step-1, frames: 2
  DEBUG: Available field outputs: ['E']
  DEBUG: Strain field has 13716 values
  DEBUG: Checking available positions...
  DEBUG: Total transformed field values: 13716
  DEBUG: INTEGRATION_POINT field has 0 values
  DEBUG: ELEMENT_NODAL field has 13716 values
  DEBUG: Processing 1 instances
  DEBUG: Instance 'PLATE-1' has 2286 elements
  DEBUG: Instance field has 13716 values
  DEBUG: Collected strains for 1219 nodes
  ✓ Saved 1219 nodal strain values
[59/500] Processing Plate_150.odb...
  DEBUG: Available steps: ['Step-1']
  DEBUG: Using step: Step-1, frames: 2
  DEBUG: Available field outputs: ['E']
  DEBUG: Strain field has 13800 values
  DEBUG: Checking available positions...
  DEBUG: Total transformed field values: 13800
  DEBUG: INTEGRATION_POINT field has 0 values
  DEBUG: ELEMENT_NODAL field has 13800 values
  DEBUG: Processing 1 instances
  DEBUG: Instance 'PLATE-1' has 2300 elements
  DEBUG: Instance field has 13800 values
  DEBUG: Collected strains for 1227 nodes
  ✓ Saved 1227 nodal strain values
[60/500] Processing Plate_151.odb...
  DEBUG: Available steps: ['Step-1']
  DEBUG: Using step: Step-1, frames: 2
  DEBUG: Available field outputs: ['E']
  DEBUG: Strain field has 13800 values
  DEBUG: Checking available positions...
  DEBUG: Total transformed field values: 13800
  DEBUG: INTEGRATION_POINT field has 0 values
  DEBUG: ELEMENT_NODAL field has 13800 values
  DEBUG: Processing 1 instances
  DEBUG: Instance 'PLATE-1' has 2300 elements
  DEBUG: Instance field has 13800 values
  DEBUG: Collected strains for 1227 nodes
  ✓ Saved 1227 nodal strain values
[61/500] Processing Plate_152.odb...
  DEBUG: Available steps: ['Step-1']
  DEBUG: Using step: Step-1, frames: 2
  DEBUG: Available field outputs: ['E']
  DEBUG: Strain field has 13800 values
  DEBUG: Checking available positions...
  DEBUG: Total transformed field values: 13800
  DEBUG: INTEGRATION_POINT field has 0 values
  DEBUG: ELEMENT_NODAL field has 13800 values
  DEBUG: Processing 1 instances
  DEBUG: Instance 'PLATE-1' has 2300 elements
  DEBUG: Instance field has 13800 values
  DEBUG: Collected strains for 1227 nodes
  ✓ Saved 1227 nodal strain values
[62/500] Processing Plate_153.odb...
  DEBUG: Available steps: ['Step-1']
  DEBUG: Using step: Step-1, frames: 2
  DEBUG: Available field outputs: ['E']
  DEBUG: Strain field has 13800 values
  DEBUG: Checking available positions...
  DEBUG: Total transformed field values: 13800
  DEBUG: INTEGRATION_POINT field has 0 values
  DEBUG: ELEMENT_NODAL field has 13800 values
  DEBUG: Processing 1 instances
  DEBUG: Instance 'PLATE-1' has 2300 elements
  DEBUG: Instance field has 13800 values
  DEBUG: Collected strains for 1227 nodes
  ✓ Saved 1227 nodal strain values
[63/500] Processing Plate_154.odb...
  DEBUG: Available steps: ['Step-1']
  DEBUG: Using step: Step-1, frames: 2
  DEBUG: Available field outputs: ['E']
  DEBUG: Strain field has 13800 values
  DEBUG: Checking available positions...
  DEBUG: Total transformed field values: 13800
  DEBUG: INTEGRATION_POINT field has 0 values
  DEBUG: ELEMENT_NODAL field has 13800 values
  DEBUG: Processing 1 instances
  DEBUG: Instance 'PLATE-1' has 2300 elements
  DEBUG: Instance field has 13800 values
  DEBUG: Collected strains for 1227 nodes
  ✓ Saved 1227 nodal strain values
[64/500] Processing Plate_155.odb...
  DEBUG: Available steps: ['Step-1']
  DEBUG: Using step: Step-1, frames: 2
  DEBUG: Available field outputs: ['E']
  DEBUG: Strain field has 13800 values
  DEBUG: Checking available positions...
  DEBUG: Total transformed field values: 13800
  DEBUG: INTEGRATION_POINT field has 0 values
  DEBUG: ELEMENT_NODAL field has 13800 values
  DEBUG: Processing 1 instances
  DEBUG: Instance 'PLATE-1' has 2300 elements
  DEBUG: Instance field has 13800 values
  DEBUG: Collected strains for 1227 nodes
  ✓ Saved 1227 nodal strain values
[65/500] Processing Plate_156.odb...
  DEBUG: Available steps: ['Step-1']
  DEBUG: Using step: Step-1, frames: 2
  DEBUG: Available field outputs: ['E']
  DEBUG: Strain field has 13800 values
  DEBUG: Checking available positions...
  DEBUG: Total transformed field values: 13800
  DEBUG: INTEGRATION_POINT field has 0 values
  DEBUG: ELEMENT_NODAL field has 13800 values
  DEBUG: Processing 1 instances
  DEBUG: Instance 'PLATE-1' has 2300 elements
  DEBUG: Instance field has 13800 values
  DEBUG: Collected strains for 1227 nodes
  ✓ Saved 1227 nodal strain values
[66/500] Processing Plate_157.odb...
  DEBUG: Available steps: ['Step-1']
  DEBUG: Using step: Step-1, frames: 2
  DEBUG: Available field outputs: ['E']
  DEBUG: Strain field has 13800 values
  DEBUG: Checking available positions...
  DEBUG: Total transformed field values: 13800
  DEBUG: INTEGRATION_POINT field has 0 values
  DEBUG: ELEMENT_NODAL field has 13800 values
  DEBUG: Processing 1 instances
  DEBUG: Instance 'PLATE-1' has 2300 elements
  DEBUG: Instance field has 13800 values
  DEBUG: Collected strains for 1227 nodes
  ✓ Saved 1227 nodal strain values
[67/500] Processing Plate_158.odb...
  DEBUG: Available steps: ['Step-1']
  DEBUG: Using step: Step-1, frames: 2
  DEBUG: Available field outputs: ['E']
  DEBUG: Strain field has 13800 values
  DEBUG: Checking available positions...
  DEBUG: Total transformed field values: 13800
  DEBUG: INTEGRATION_POINT field has 0 values
  DEBUG: ELEMENT_NODAL field has 13800 values
  DEBUG: Processing 1 instances
  DEBUG: Instance 'PLATE-1' has 2300 elements
  DEBUG: Instance field has 13800 values
  DEBUG: Collected strains for 1227 nodes
  ✓ Saved 1227 nodal strain values
[68/500] Processing Plate_159.odb...
  DEBUG: Available steps: ['Step-1']
  DEBUG: Using step: Step-1, frames: 2
  DEBUG: Available field outputs: ['E']
  DEBUG: Strain field has 13800 values
  DEBUG: Checking available positions...
  DEBUG: Total transformed field values: 13800
  DEBUG: INTEGRATION_POINT field has 0 values
  DEBUG: ELEMENT_NODAL field has 13800 values
  DEBUG: Processing 1 instances
  DEBUG: Instance 'PLATE-1' has 2300 elements
  DEBUG: Instance field has 13800 values
  DEBUG: Collected strains for 1227 nodes
  ✓ Saved 1227 nodal strain values
[69/500] Processing Plate_16.odb...
  DEBUG: Available steps: ['Step-1']
  DEBUG: Using step: Step-1, frames: 2
  DEBUG: Available field outputs: ['E']
  DEBUG: Strain field has 13716 values
  DEBUG: Checking available positions...
  DEBUG: Total transformed field values: 13716
  DEBUG: INTEGRATION_POINT field has 0 values
  DEBUG: ELEMENT_NODAL field has 13716 values
  DEBUG: Processing 1 instances
  DEBUG: Instance 'PLATE-1' has 2286 elements
  DEBUG: Instance field has 13716 values
  DEBUG: Collected strains for 1219 nodes
  ✓ Saved 1219 nodal strain values
[70/500] Processing Plate_160.odb...
  DEBUG: Available steps: ['Step-1']
  DEBUG: Using step: Step-1, frames: 2
  DEBUG: Available field outputs: ['E']
  DEBUG: Strain field has 13728 values
  DEBUG: Checking available positions...
  DEBUG: Total transformed field values: 13728
  DEBUG: INTEGRATION_POINT field has 0 values
  DEBUG: ELEMENT_NODAL field has 13728 values
  DEBUG: Processing 1 instances
  DEBUG: Instance 'PLATE-1' has 2288 elements
  DEBUG: Instance field has 13728 values
  DEBUG: Collected strains for 1215 nodes
  ✓ Saved 1215 nodal strain values
[71/500] Processing Plate_161.odb...
  DEBUG: Available steps: ['Step-1']
  DEBUG: Using step: Step-1, frames: 2
  DEBUG: Available field outputs: ['E']
  DEBUG: Strain field has 13728 values
  DEBUG: Checking available positions...
  DEBUG: Total transformed field values: 13728
  DEBUG: INTEGRATION_POINT field has 0 values
  DEBUG: ELEMENT_NODAL field has 13728 values
  DEBUG: Processing 1 instances
  DEBUG: Instance 'PLATE-1' has 2288 elements
  DEBUG: Instance field has 13728 values
  DEBUG: Collected strains for 1215 nodes
  ✓ Saved 1215 nodal strain values
[72/500] Processing Plate_162.odb...
  DEBUG: Available steps: ['Step-1']
  DEBUG: Using step: Step-1, frames: 2
  DEBUG: Available field outputs: ['E']
  DEBUG: Strain field has 13728 values
  DEBUG: Checking available positions...
  DEBUG: Total transformed field values: 13728
  DEBUG: INTEGRATION_POINT field has 0 values
  DEBUG: ELEMENT_NODAL field has 13728 values
  DEBUG: Processing 1 instances
  DEBUG: Instance 'PLATE-1' has 2288 elements
  DEBUG: Instance field has 13728 values
  DEBUG: Collected strains for 1215 nodes
  ✓ Saved 1215 nodal strain values
[73/500] Processing Plate_163.odb...
  DEBUG: Available steps: ['Step-1']
  DEBUG: Using step: Step-1, frames: 2
  DEBUG: Available field outputs: ['E']
  DEBUG: Strain field has 13728 values
  DEBUG: Checking available positions...
  DEBUG: Total transformed field values: 13728
  DEBUG: INTEGRATION_POINT field has 0 values
  DEBUG: ELEMENT_NODAL field has 13728 values
  DEBUG: Processing 1 instances
  DEBUG: Instance 'PLATE-1' has 2288 elements
  DEBUG: Instance field has 13728 values
  DEBUG: Collected strains for 1215 nodes
  ✓ Saved 1215 nodal strain values
[74/500] Processing Plate_164.odb...
  DEBUG: Available steps: ['Step-1']
  DEBUG: Using step: Step-1, frames: 2
  DEBUG: Available field outputs: ['E']
  DEBUG: Strain field has 13728 values
  DEBUG: Checking available positions...
  DEBUG: Total transformed field values: 13728
  DEBUG: INTEGRATION_POINT field has 0 values
  DEBUG: ELEMENT_NODAL field has 13728 values
  DEBUG: Processing 1 instances
  DEBUG: Instance 'PLATE-1' has 2288 elements
  DEBUG: Instance field has 13728 values
  DEBUG: Collected strains for 1215 nodes
  ✓ Saved 1215 nodal strain values
[75/500] Processing Plate_165.odb...
  DEBUG: Available steps: ['Step-1']
  DEBUG: Using step: Step-1, frames: 2
  DEBUG: Available field outputs: ['E']
  DEBUG: Strain field has 13728 values
  DEBUG: Checking available positions...
  DEBUG: Total transformed field values: 13728
  DEBUG: INTEGRATION_POINT field has 0 values
  DEBUG: ELEMENT_NODAL field has 13728 values
  DEBUG: Processing 1 instances
  DEBUG: Instance 'PLATE-1' has 2288 elements
  DEBUG: Instance field has 13728 values
  DEBUG: Collected strains for 1215 nodes
  ✓ Saved 1215 nodal strain values
[76/500] Processing Plate_166.odb...
  DEBUG: Available steps: ['Step-1']
  DEBUG: Using step: Step-1, frames: 2
  DEBUG: Available field outputs: ['E']
  DEBUG: Strain field has 13728 values
  DEBUG: Checking available positions...
  DEBUG: Total transformed field values: 13728
  DEBUG: INTEGRATION_POINT field has 0 values
  DEBUG: ELEMENT_NODAL field has 13728 values
  DEBUG: Processing 1 instances
  DEBUG: Instance 'PLATE-1' has 2288 elements
  DEBUG: Instance field has 13728 values
  DEBUG: Collected strains for 1215 nodes
  ✓ Saved 1215 nodal strain values
[77/500] Processing Plate_167.odb...
  DEBUG: Available steps: ['Step-1']
  DEBUG: Using step: Step-1, frames: 2
  DEBUG: Available field outputs: ['E']
  DEBUG: Strain field has 13728 values
  DEBUG: Checking available positions...
  DEBUG: Total transformed field values: 13728
  DEBUG: INTEGRATION_POINT field has 0 values
  DEBUG: ELEMENT_NODAL field has 13728 values
  DEBUG: Processing 1 instances
  DEBUG: Instance 'PLATE-1' has 2288 elements
  DEBUG: Instance field has 13728 values
  DEBUG: Collected strains for 1215 nodes
  ✓ Saved 1215 nodal strain values
[78/500] Processing Plate_168.odb...
  DEBUG: Available steps: ['Step-1']
  DEBUG: Using step: Step-1, frames: 2
  DEBUG: Available field outputs: ['E']
  DEBUG: Strain field has 13728 values
  DEBUG: Checking available positions...
  DEBUG: Total transformed field values: 13728
  DEBUG: INTEGRATION_POINT field has 0 values
  DEBUG: ELEMENT_NODAL field has 13728 values
  DEBUG: Processing 1 instances
  DEBUG: Instance 'PLATE-1' has 2288 elements
  DEBUG: Instance field has 13728 values
  DEBUG: Collected strains for 1215 nodes
  ✓ Saved 1215 nodal strain values
[79/500] Processing Plate_169.odb...
  DEBUG: Available steps: ['Step-1']
  DEBUG: Using step: Step-1, frames: 2
  DEBUG: Available field outputs: ['E']
  DEBUG: Strain field has 13728 values
  DEBUG: Checking available positions...
  DEBUG: Total transformed field values: 13728
  DEBUG: INTEGRATION_POINT field has 0 values
  DEBUG: ELEMENT_NODAL field has 13728 values
  DEBUG: Processing 1 instances
  DEBUG: Instance 'PLATE-1' has 2288 elements
  DEBUG: Instance field has 13728 values
  DEBUG: Collected strains for 1215 nodes
  ✓ Saved 1215 nodal strain values
[80/500] Processing Plate_17.odb...
  DEBUG: Available steps: ['Step-1']
  DEBUG: Using step: Step-1, frames: 2
  DEBUG: Available field outputs: ['E']
  DEBUG: Strain field has 13716 values
  DEBUG: Checking available positions...
  DEBUG: Total transformed field values: 13716
  DEBUG: INTEGRATION_POINT field has 0 values
  DEBUG: ELEMENT_NODAL field has 13716 values
  DEBUG: Processing 1 instances
  DEBUG: Instance 'PLATE-1' has 2286 elements
  DEBUG: Instance field has 13716 values
  DEBUG: Collected strains for 1219 nodes
  ✓ Saved 1219 nodal strain values
[81/500] Processing Plate_170.odb...
  DEBUG: Available steps: ['Step-1']
  DEBUG: Using step: Step-1, frames: 2
  DEBUG: Available field outputs: ['E']
  DEBUG: Strain field has 13728 values
  DEBUG: Checking available positions...
  DEBUG: Total transformed field values: 13728
  DEBUG: INTEGRATION_POINT field has 0 values
  DEBUG: ELEMENT_NODAL field has 13728 values
  DEBUG: Processing 1 instances
  DEBUG: Instance 'PLATE-1' has 2288 elements
  DEBUG: Instance field has 13728 values
  DEBUG: Collected strains for 1215 nodes
  ✓ Saved 1215 nodal strain values
[82/500] Processing Plate_171.odb...
  DEBUG: Available steps: ['Step-1']
  DEBUG: Using step: Step-1, frames: 2
  DEBUG: Available field outputs: ['E']
  DEBUG: Strain field has 13728 values
  DEBUG: Checking available positions...
  DEBUG: Total transformed field values: 13728
  DEBUG: INTEGRATION_POINT field has 0 values
  DEBUG: ELEMENT_NODAL field has 13728 values
  DEBUG: Processing 1 instances
  DEBUG: Instance 'PLATE-1' has 2288 elements
  DEBUG: Instance field has 13728 values
  DEBUG: Collected strains for 1215 nodes
  ✓ Saved 1215 nodal strain values
[83/500] Processing Plate_172.odb...
  DEBUG: Available steps: ['Step-1']
  DEBUG: Using step: Step-1, frames: 2
  DEBUG: Available field outputs: ['E']
  DEBUG: Strain field has 13728 values
  DEBUG: Checking available positions...
  DEBUG: Total transformed field values: 13728
  DEBUG: INTEGRATION_POINT field has 0 values
  DEBUG: ELEMENT_NODAL field has 13728 values
  DEBUG: Processing 1 instances
  DEBUG: Instance 'PLATE-1' has 2288 elements
  DEBUG: Instance field has 13728 values
  DEBUG: Collected strains for 1215 nodes
  ✓ Saved 1215 nodal strain values
[84/500] Processing Plate_173.odb...
  DEBUG: Available steps: ['Step-1']
  DEBUG: Using step: Step-1, frames: 2
  DEBUG: Available field outputs: ['E']
  DEBUG: Strain field has 13728 values
  DEBUG: Checking available positions...
  DEBUG: Total transformed field values: 13728
  DEBUG: INTEGRATION_POINT field has 0 values
  DEBUG: ELEMENT_NODAL field has 13728 values
  DEBUG: Processing 1 instances
  DEBUG: Instance 'PLATE-1' has 2288 elements
  DEBUG: Instance field has 13728 values
  DEBUG: Collected strains for 1215 nodes
  ✓ Saved 1215 nodal strain values
[85/500] Processing Plate_174.odb...
  DEBUG: Available steps: ['Step-1']
  DEBUG: Using step: Step-1, frames: 2
  DEBUG: Available field outputs: ['E']
  DEBUG: Strain field has 13728 values
  DEBUG: Checking available positions...
  DEBUG: Total transformed field values: 13728
  DEBUG: INTEGRATION_POINT field has 0 values
  DEBUG: ELEMENT_NODAL field has 13728 values
  DEBUG: Processing 1 instances
  DEBUG: Instance 'PLATE-1' has 2288 elements
  DEBUG: Instance field has 13728 values
  DEBUG: Collected strains for 1215 nodes
  ✓ Saved 1215 nodal strain values
[86/500] Processing Plate_175.odb...
  DEBUG: Available steps: ['Step-1']
  DEBUG: Using step: Step-1, frames: 2
  DEBUG: Available field outputs: ['E']
  DEBUG: Strain field has 13728 values
  DEBUG: Checking available positions...
  DEBUG: Total transformed field values: 13728
  DEBUG: INTEGRATION_POINT field has 0 values
  DEBUG: ELEMENT_NODAL field has 13728 values
  DEBUG: Processing 1 instances
  DEBUG: Instance 'PLATE-1' has 2288 elements
  DEBUG: Instance field has 13728 values
  DEBUG: Collected strains for 1215 nodes
  ✓ Saved 1215 nodal strain values
[87/500] Processing Plate_176.odb...
  DEBUG: Available steps: ['Step-1']
  DEBUG: Using step: Step-1, frames: 2
  DEBUG: Available field outputs: ['E']
  DEBUG: Strain field has 13728 values
  DEBUG: Checking available positions...
  DEBUG: Total transformed field values: 13728
  DEBUG: INTEGRATION_POINT field has 0 values
  DEBUG: ELEMENT_NODAL field has 13728 values
  DEBUG: Processing 1 instances
  DEBUG: Instance 'PLATE-1' has 2288 elements
  DEBUG: Instance field has 13728 values
  DEBUG: Collected strains for 1215 nodes
  ✓ Saved 1215 nodal strain values
[88/500] Processing Plate_177.odb...
  DEBUG: Available steps: ['Step-1']
  DEBUG: Using step: Step-1, frames: 2
  DEBUG: Available field outputs: ['E']
  DEBUG: Strain field has 13728 values
  DEBUG: Checking available positions...
  DEBUG: Total transformed field values: 13728
  DEBUG: INTEGRATION_POINT field has 0 values
  DEBUG: ELEMENT_NODAL field has 13728 values
  DEBUG: Processing 1 instances
  DEBUG: Instance 'PLATE-1' has 2288 elements
  DEBUG: Instance field has 13728 values
  DEBUG: Collected strains for 1215 nodes
  ✓ Saved 1215 nodal strain values
[89/500] Processing Plate_178.odb...
  DEBUG: Available steps: ['Step-1']
  DEBUG: Using step: Step-1, frames: 2
  DEBUG: Available field outputs: ['E']
  DEBUG: Strain field has 13728 values
  DEBUG: Checking available positions...
  DEBUG: Total transformed field values: 13728
  DEBUG: INTEGRATION_POINT field has 0 values
  DEBUG: ELEMENT_NODAL field has 13728 values
  DEBUG: Processing 1 instances
  DEBUG: Instance 'PLATE-1' has 2288 elements
  DEBUG: Instance field has 13728 values
  DEBUG: Collected strains for 1215 nodes
  ✓ Saved 1215 nodal strain values
[90/500] Processing Plate_179.odb...
  DEBUG: Available steps: ['Step-1']
  DEBUG: Using step: Step-1, frames: 2
  DEBUG: Available field outputs: ['E']
  DEBUG: Strain field has 13728 values
  DEBUG: Checking available positions...
  DEBUG: Total transformed field values: 13728
  DEBUG: INTEGRATION_POINT field has 0 values
  DEBUG: ELEMENT_NODAL field has 13728 values
  DEBUG: Processing 1 instances
  DEBUG: Instance 'PLATE-1' has 2288 elements
  DEBUG: Instance field has 13728 values
  DEBUG: Collected strains for 1215 nodes
  ✓ Saved 1215 nodal strain values
[91/500] Processing Plate_18.odb...
  DEBUG: Available steps: ['Step-1']
  DEBUG: Using step: Step-1, frames: 2
  DEBUG: Available field outputs: ['E']
  DEBUG: Strain field has 13716 values
  DEBUG: Checking available positions...
  DEBUG: Total transformed field values: 13716
  DEBUG: INTEGRATION_POINT field has 0 values
  DEBUG: ELEMENT_NODAL field has 13716 values
  DEBUG: Processing 1 instances
  DEBUG: Instance 'PLATE-1' has 2286 elements
  DEBUG: Instance field has 13716 values
  DEBUG: Collected strains for 1219 nodes
  ✓ Saved 1219 nodal strain values
[92/500] Processing Plate_180.odb...
  DEBUG: Available steps: ['Step-1']
  DEBUG: Using step: Step-1, frames: 2
  DEBUG: Available field outputs: ['E']
  DEBUG: Strain field has 13824 values
  DEBUG: Checking available positions...
  DEBUG: Total transformed field values: 13824
  DEBUG: INTEGRATION_POINT field has 0 values
  DEBUG: ELEMENT_NODAL field has 13824 values
  DEBUG: Processing 1 instances
  DEBUG: Instance 'PLATE-1' has 2304 elements
  DEBUG: Instance field has 13824 values
  DEBUG: Collected strains for 1222 nodes
  ✓ Saved 1222 nodal strain values
[93/500] Processing Plate_181.odb...
  DEBUG: Available steps: ['Step-1']
  DEBUG: Using step: Step-1, frames: 2
  DEBUG: Available field outputs: ['E']
  DEBUG: Strain field has 13824 values
  DEBUG: Checking available positions...
  DEBUG: Total transformed field values: 13824
  DEBUG: INTEGRATION_POINT field has 0 values
  DEBUG: ELEMENT_NODAL field has 13824 values
  DEBUG: Processing 1 instances
  DEBUG: Instance 'PLATE-1' has 2304 elements
  DEBUG: Instance field has 13824 values
  DEBUG: Collected strains for 1222 nodes
  ✓ Saved 1222 nodal strain values
[94/500] Processing Plate_182.odb...
  DEBUG: Available steps: ['Step-1']
  DEBUG: Using step: Step-1, frames: 2
  DEBUG: Available field outputs: ['E']
  DEBUG: Strain field has 13824 values
  DEBUG: Checking available positions...
  DEBUG: Total transformed field values: 13824
  DEBUG: INTEGRATION_POINT field has 0 values
  DEBUG: ELEMENT_NODAL field has 13824 values
  DEBUG: Processing 1 instances
  DEBUG: Instance 'PLATE-1' has 2304 elements
  DEBUG: Instance field has 13824 values
  DEBUG: Collected strains for 1222 nodes
  ✓ Saved 1222 nodal strain values
[95/500] Processing Plate_183.odb...
  DEBUG: Available steps: ['Step-1']
  DEBUG: Using step: Step-1, frames: 2
  DEBUG: Available field outputs: ['E']
  DEBUG: Strain field has 13824 values
  DEBUG: Checking available positions...
  DEBUG: Total transformed field values: 13824
  DEBUG: INTEGRATION_POINT field has 0 values
  DEBUG: ELEMENT_NODAL field has 13824 values
  DEBUG: Processing 1 instances
  DEBUG: Instance 'PLATE-1' has 2304 elements
  DEBUG: Instance field has 13824 values
  DEBUG: Collected strains for 1222 nodes
  ✓ Saved 1222 nodal strain values
[96/500] Processing Plate_184.odb...
  DEBUG: Available steps: ['Step-1']
  DEBUG: Using step: Step-1, frames: 2
  DEBUG: Available field outputs: ['E']
  DEBUG: Strain field has 13824 values
  DEBUG: Checking available positions...
  DEBUG: Total transformed field values: 13824
  DEBUG: INTEGRATION_POINT field has 0 values
  DEBUG: ELEMENT_NODAL field has 13824 values
  DEBUG: Processing 1 instances
  DEBUG: Instance 'PLATE-1' has 2304 elements
  DEBUG: Instance field has 13824 values
  DEBUG: Collected strains for 1222 nodes
  ✓ Saved 1222 nodal strain values
[97/500] Processing Plate_185.odb...
  DEBUG: Available steps: ['Step-1']
  DEBUG: Using step: Step-1, frames: 2
  DEBUG: Available field outputs: ['E']
  DEBUG: Strain field has 13824 values
  DEBUG: Checking available positions...
  DEBUG: Total transformed field values: 13824
  DEBUG: INTEGRATION_POINT field has 0 values
  DEBUG: ELEMENT_NODAL field has 13824 values
  DEBUG: Processing 1 instances
  DEBUG: Instance 'PLATE-1' has 2304 elements
  DEBUG: Instance field has 13824 values
  DEBUG: Collected strains for 1222 nodes
  ✓ Saved 1222 nodal strain values
[98/500] Processing Plate_186.odb...
  DEBUG: Available steps: ['Step-1']
  DEBUG: Using step: Step-1, frames: 2
  DEBUG: Available field outputs: ['E']
  DEBUG: Strain field has 13824 values
  DEBUG: Checking available positions...
  DEBUG: Total transformed field values: 13824
  DEBUG: INTEGRATION_POINT field has 0 values
  DEBUG: ELEMENT_NODAL field has 13824 values
  DEBUG: Processing 1 instances
  DEBUG: Instance 'PLATE-1' has 2304 elements
  DEBUG: Instance field has 13824 values
  DEBUG: Collected strains for 1222 nodes
  ✓ Saved 1222 nodal strain values
[99/500] Processing Plate_187.odb...
  DEBUG: Available steps: ['Step-1']
  DEBUG: Using step: Step-1, frames: 2
  DEBUG: Available field outputs: ['E']
  DEBUG: Strain field has 13824 values
  DEBUG: Checking available positions...
  DEBUG: Total transformed field values: 13824
  DEBUG: INTEGRATION_POINT field has 0 values
  DEBUG: ELEMENT_NODAL field has 13824 values
  DEBUG: Processing 1 instances
  DEBUG: Instance 'PLATE-1' has 2304 elements
  DEBUG: Instance field has 13824 values
  DEBUG: Collected strains for 1222 nodes
  ✓ Saved 1222 nodal strain values
[100/500] Processing Plate_188.odb...
  DEBUG: Available steps: ['Step-1']
  DEBUG: Using step: Step-1, frames: 2
  DEBUG: Available field outputs: ['E']
  DEBUG: Strain field has 13824 values
  DEBUG: Checking available positions...
  DEBUG: Total transformed field values: 13824
  DEBUG: INTEGRATION_POINT field has 0 values
  DEBUG: ELEMENT_NODAL field has 13824 values
  DEBUG: Processing 1 instances
  DEBUG: Instance 'PLATE-1' has 2304 elements
  DEBUG: Instance field has 13824 values
  DEBUG: Collected strains for 1222 nodes
  ✓ Saved 1222 nodal strain values
[101/500] Processing Plate_189.odb...
  DEBUG: Available steps: ['Step-1']
  DEBUG: Using step: Step-1, frames: 2
  DEBUG: Available field outputs: ['E']
  DEBUG: Strain field has 13824 values
  DEBUG: Checking available positions...
  DEBUG: Total transformed field values: 13824
  DEBUG: INTEGRATION_POINT field has 0 values
  DEBUG: ELEMENT_NODAL field has 13824 values
  DEBUG: Processing 1 instances
  DEBUG: Instance 'PLATE-1' has 2304 elements
  DEBUG: Instance field has 13824 values
  DEBUG: Collected strains for 1222 nodes
  ✓ Saved 1222 nodal strain values
[102/500] Processing Plate_19.odb...
  DEBUG: Available steps: ['Step-1']
  DEBUG: Using step: Step-1, frames: 2
  DEBUG: Available field outputs: ['E']
  DEBUG: Strain field has 13716 values
  DEBUG: Checking available positions...
  DEBUG: Total transformed field values: 13716
  DEBUG: INTEGRATION_POINT field has 0 values
  DEBUG: ELEMENT_NODAL field has 13716 values
  DEBUG: Processing 1 instances
  DEBUG: Instance 'PLATE-1' has 2286 elements
  DEBUG: Instance field has 13716 values
  DEBUG: Collected strains for 1219 nodes
  ✓ Saved 1219 nodal strain values
[103/500] Processing Plate_190.odb...
  DEBUG: Available steps: ['Step-1']
  DEBUG: Using step: Step-1, frames: 2
  DEBUG: Available field outputs: ['E']
  DEBUG: Strain field has 13824 values
  DEBUG: Checking available positions...
  DEBUG: Total transformed field values: 13824
  DEBUG: INTEGRATION_POINT field has 0 values
  DEBUG: ELEMENT_NODAL field has 13824 values
  DEBUG: Processing 1 instances
  DEBUG: Instance 'PLATE-1' has 2304 elements
  DEBUG: Instance field has 13824 values
  DEBUG: Collected strains for 1222 nodes
  ✓ Saved 1222 nodal strain values
[104/500] Processing Plate_191.odb...
  DEBUG: Available steps: ['Step-1']
  DEBUG: Using step: Step-1, frames: 2
  DEBUG: Available field outputs: ['E']
  DEBUG: Strain field has 13824 values
  DEBUG: Checking available positions...
  DEBUG: Total transformed field values: 13824
  DEBUG: INTEGRATION_POINT field has 0 values
  DEBUG: ELEMENT_NODAL field has 13824 values
  DEBUG: Processing 1 instances
  DEBUG: Instance 'PLATE-1' has 2304 elements
  DEBUG: Instance field has 13824 values
  DEBUG: Collected strains for 1222 nodes
  ✓ Saved 1222 nodal strain values
[105/500] Processing Plate_192.odb...
  DEBUG: Available steps: ['Step-1']
  DEBUG: Using step: Step-1, frames: 2
  DEBUG: Available field outputs: ['E']
  DEBUG: Strain field has 13824 values
  DEBUG: Checking available positions...
  DEBUG: Total transformed field values: 13824
  DEBUG: INTEGRATION_POINT field has 0 values
  DEBUG: ELEMENT_NODAL field has 13824 values
  DEBUG: Processing 1 instances
  DEBUG: Instance 'PLATE-1' has 2304 elements
  DEBUG: Instance field has 13824 values
  DEBUG: Collected strains for 1222 nodes
  ✓ Saved 1222 nodal strain values
[106/500] Processing Plate_193.odb...
  DEBUG: Available steps: ['Step-1']
  DEBUG: Using step: Step-1, frames: 2
  DEBUG: Available field outputs: ['E']
  DEBUG: Strain field has 13824 values
  DEBUG: Checking available positions...
  DEBUG: Total transformed field values: 13824
  DEBUG: INTEGRATION_POINT field has 0 values
  DEBUG: ELEMENT_NODAL field has 13824 values
  DEBUG: Processing 1 instances
  DEBUG: Instance 'PLATE-1' has 2304 elements
  DEBUG: Instance field has 13824 values
  DEBUG: Collected strains for 1222 nodes
  ✓ Saved 1222 nodal strain values
[107/500] Processing Plate_194.odb...
  DEBUG: Available steps: ['Step-1']
  DEBUG: Using step: Step-1, frames: 2
  DEBUG: Available field outputs: ['E']
  DEBUG: Strain field has 13824 values
  DEBUG: Checking available positions...
  DEBUG: Total transformed field values: 13824
  DEBUG: INTEGRATION_POINT field has 0 values
  DEBUG: ELEMENT_NODAL field has 13824 values
  DEBUG: Processing 1 instances
  DEBUG: Instance 'PLATE-1' has 2304 elements
  DEBUG: Instance field has 13824 values
  DEBUG: Collected strains for 1222 nodes
  ✓ Saved 1222 nodal strain values
[108/500] Processing Plate_195.odb...
  DEBUG: Available steps: ['Step-1']
  DEBUG: Using step: Step-1, frames: 2
  DEBUG: Available field outputs: ['E']
  DEBUG: Strain field has 13824 values
  DEBUG: Checking available positions...
  DEBUG: Total transformed field values: 13824
  DEBUG: INTEGRATION_POINT field has 0 values
  DEBUG: ELEMENT_NODAL field has 13824 values
  DEBUG: Processing 1 instances
  DEBUG: Instance 'PLATE-1' has 2304 elements
  DEBUG: Instance field has 13824 values
  DEBUG: Collected strains for 1222 nodes
  ✓ Saved 1222 nodal strain values
[109/500] Processing Plate_196.odb...
  DEBUG: Available steps: ['Step-1']
  DEBUG: Using step: Step-1, frames: 2
  DEBUG: Available field outputs: ['E']
  DEBUG: Strain field has 13824 values
  DEBUG: Checking available positions...
  DEBUG: Total transformed field values: 13824
  DEBUG: INTEGRATION_POINT field has 0 values
  DEBUG: ELEMENT_NODAL field has 13824 values
  DEBUG: Processing 1 instances
  DEBUG: Instance 'PLATE-1' has 2304 elements
  DEBUG: Instance field has 13824 values
  DEBUG: Collected strains for 1222 nodes
  ✓ Saved 1222 nodal strain values
[110/500] Processing Plate_197.odb...
  DEBUG: Available steps: ['Step-1']
  DEBUG: Using step: Step-1, frames: 2
  DEBUG: Available field outputs: ['E']
  DEBUG: Strain field has 13824 values
  DEBUG: Checking available positions...
  DEBUG: Total transformed field values: 13824
  DEBUG: INTEGRATION_POINT field has 0 values
  DEBUG: ELEMENT_NODAL field has 13824 values
  DEBUG: Processing 1 instances
  DEBUG: Instance 'PLATE-1' has 2304 elements
  DEBUG: Instance field has 13824 values
  DEBUG: Collected strains for 1222 nodes
  ✓ Saved 1222 nodal strain values
[111/500] Processing Plate_198.odb...
  DEBUG: Available steps: ['Step-1']
  DEBUG: Using step: Step-1, frames: 2
  DEBUG: Available field outputs: ['E']
  DEBUG: Strain field has 13824 values
  DEBUG: Checking available positions...
  DEBUG: Total transformed field values: 13824
  DEBUG: INTEGRATION_POINT field has 0 values
  DEBUG: ELEMENT_NODAL field has 13824 values
  DEBUG: Processing 1 instances
  DEBUG: Instance 'PLATE-1' has 2304 elements
  DEBUG: Instance field has 13824 values
  DEBUG: Collected strains for 1222 nodes
  ✓ Saved 1222 nodal strain values
[112/500] Processing Plate_199.odb...
  DEBUG: Available steps: ['Step-1']
  DEBUG: Using step: Step-1, frames: 2
  DEBUG: Available field outputs: ['E']
  DEBUG: Strain field has 13824 values
  DEBUG: Checking available positions...
  DEBUG: Total transformed field values: 13824
  DEBUG: INTEGRATION_POINT field has 0 values
  DEBUG: ELEMENT_NODAL field has 13824 values
  DEBUG: Processing 1 instances
  DEBUG: Instance 'PLATE-1' has 2304 elements
  DEBUG: Instance field has 13824 values
  DEBUG: Collected strains for 1222 nodes
  ✓ Saved 1222 nodal strain values
[113/500] Processing Plate_2.odb...
  DEBUG: Available steps: ['Step-1']
  DEBUG: Using step: Step-1, frames: 2
  DEBUG: Available field outputs: ['E']
  DEBUG: Strain field has 13716 values
  DEBUG: Checking available positions...
  DEBUG: Total transformed field values: 13716
  DEBUG: INTEGRATION_POINT field has 0 values
  DEBUG: ELEMENT_NODAL field has 13716 values
  DEBUG: Processing 1 instances
  DEBUG: Instance 'PLATE-1' has 2286 elements
  DEBUG: Instance field has 13716 values
  DEBUG: Collected strains for 1219 nodes
  ✓ Saved 1219 nodal strain values
[114/500] Processing Plate_20.odb...
  DEBUG: Available steps: ['Step-1']
  DEBUG: Using step: Step-1, frames: 2
  DEBUG: Available field outputs: ['E']
  DEBUG: Strain field has 13992 values
  DEBUG: Checking available positions...
  DEBUG: Total transformed field values: 13992
  DEBUG: INTEGRATION_POINT field has 0 values
  DEBUG: ELEMENT_NODAL field has 13992 values
  DEBUG: Processing 1 instances
  DEBUG: Instance 'PLATE-1' has 2332 elements
  DEBUG: Instance field has 13992 values
  DEBUG: Collected strains for 1240 nodes
  ✓ Saved 1240 nodal strain values
[115/500] Processing Plate_200.odb...
  DEBUG: Available steps: ['Step-1']
  DEBUG: Using step: Step-1, frames: 2
  DEBUG: Available field outputs: ['E']
  DEBUG: Strain field has 13752 values
  DEBUG: Checking available positions...
  DEBUG: Total transformed field values: 13752
  DEBUG: INTEGRATION_POINT field has 0 values
  DEBUG: ELEMENT_NODAL field has 13752 values
  DEBUG: Processing 1 instances
  DEBUG: Instance 'PLATE-1' has 2292 elements
  DEBUG: Instance field has 13752 values
  DEBUG: Collected strains for 1219 nodes
  ✓ Saved 1219 nodal strain values
[116/500] Processing Plate_201.odb...
  DEBUG: Available steps: ['Step-1']
  DEBUG: Using step: Step-1, frames: 2
  DEBUG: Available field outputs: ['E']
  DEBUG: Strain field has 13752 values
  DEBUG: Checking available positions...
  DEBUG: Total transformed field values: 13752
  DEBUG: INTEGRATION_POINT field has 0 values
  DEBUG: ELEMENT_NODAL field has 13752 values
  DEBUG: Processing 1 instances
  DEBUG: Instance 'PLATE-1' has 2292 elements
  DEBUG: Instance field has 13752 values
  DEBUG: Collected strains for 1219 nodes
  ✓ Saved 1219 nodal strain values
[117/500] Processing Plate_202.odb...
  DEBUG: Available steps: ['Step-1']
  DEBUG: Using step: Step-1, frames: 2
  DEBUG: Available field outputs: ['E']
  DEBUG: Strain field has 13752 values
  DEBUG: Checking available positions...
  DEBUG: Total transformed field values: 13752
  DEBUG: INTEGRATION_POINT field has 0 values
  DEBUG: ELEMENT_NODAL field has 13752 values
  DEBUG: Processing 1 instances
  DEBUG: Instance 'PLATE-1' has 2292 elements
  DEBUG: Instance field has 13752 values
  DEBUG: Collected strains for 1219 nodes
  ✓ Saved 1219 nodal strain values
[118/500] Processing Plate_203.odb...
  DEBUG: Available steps: ['Step-1']
  DEBUG: Using step: Step-1, frames: 2
  DEBUG: Available field outputs: ['E']
  DEBUG: Strain field has 13752 values
  DEBUG: Checking available positions...
  DEBUG: Total transformed field values: 13752
  DEBUG: INTEGRATION_POINT field has 0 values
  DEBUG: ELEMENT_NODAL field has 13752 values
  DEBUG: Processing 1 instances
  DEBUG: Instance 'PLATE-1' has 2292 elements
  DEBUG: Instance field has 13752 values
  DEBUG: Collected strains for 1219 nodes
  ✓ Saved 1219 nodal strain values
[119/500] Processing Plate_204.odb...
  DEBUG: Available steps: ['Step-1']
  DEBUG: Using step: Step-1, frames: 2
  DEBUG: Available field outputs: ['E']
  DEBUG: Strain field has 13752 values
  DEBUG: Checking available positions...
  DEBUG: Total transformed field values: 13752
  DEBUG: INTEGRATION_POINT field has 0 values
  DEBUG: ELEMENT_NODAL field has 13752 values
  DEBUG: Processing 1 instances
  DEBUG: Instance 'PLATE-1' has 2292 elements
  DEBUG: Instance field has 13752 values
  DEBUG: Collected strains for 1219 nodes
  ✓ Saved 1219 nodal strain values
[120/500] Processing Plate_205.odb...
  DEBUG: Available steps: ['Step-1']
  DEBUG: Using step: Step-1, frames: 2
  DEBUG: Available field outputs: ['E']
  DEBUG: Strain field has 13752 values
  DEBUG: Checking available positions...
  DEBUG: Total transformed field values: 13752
  DEBUG: INTEGRATION_POINT field has 0 values
  DEBUG: ELEMENT_NODAL field has 13752 values
  DEBUG: Processing 1 instances
  DEBUG: Instance 'PLATE-1' has 2292 elements
  DEBUG: Instance field has 13752 values
  DEBUG: Collected strains for 1219 nodes
  ✓ Saved 1219 nodal strain values
[121/500] Processing Plate_206.odb...
  DEBUG: Available steps: ['Step-1']
  DEBUG: Using step: Step-1, frames: 2
  DEBUG: Available field outputs: ['E']
  DEBUG: Strain field has 13752 values
  DEBUG: Checking available positions...
  DEBUG: Total transformed field values: 13752
  DEBUG: INTEGRATION_POINT field has 0 values
  DEBUG: ELEMENT_NODAL field has 13752 values
  DEBUG: Processing 1 instances
  DEBUG: Instance 'PLATE-1' has 2292 elements
  DEBUG: Instance field has 13752 values
  DEBUG: Collected strains for 1219 nodes
  ✓ Saved 1219 nodal strain values
[122/500] Processing Plate_207.odb...
  DEBUG: Available steps: ['Step-1']
  DEBUG: Using step: Step-1, frames: 2
  DEBUG: Available field outputs: ['E']
  DEBUG: Strain field has 13752 values
  DEBUG: Checking available positions...
  DEBUG: Total transformed field values: 13752
  DEBUG: INTEGRATION_POINT field has 0 values
  DEBUG: ELEMENT_NODAL field has 13752 values
  DEBUG: Processing 1 instances
  DEBUG: Instance 'PLATE-1' has 2292 elements
  DEBUG: Instance field has 13752 values
  DEBUG: Collected strains for 1219 nodes
  ✓ Saved 1219 nodal strain values
[123/500] Processing Plate_208.odb...
  DEBUG: Available steps: ['Step-1']
  DEBUG: Using step: Step-1, frames: 2
  DEBUG: Available field outputs: ['E']
  DEBUG: Strain field has 13752 values
  DEBUG: Checking available positions...
  DEBUG: Total transformed field values: 13752
  DEBUG: INTEGRATION_POINT field has 0 values
  DEBUG: ELEMENT_NODAL field has 13752 values
  DEBUG: Processing 1 instances
  DEBUG: Instance 'PLATE-1' has 2292 elements
  DEBUG: Instance field has 13752 values
  DEBUG: Collected strains for 1219 nodes
  ✓ Saved 1219 nodal strain values
[124/500] Processing Plate_209.odb...
  DEBUG: Available steps: ['Step-1']
  DEBUG: Using step: Step-1, frames: 2
  DEBUG: Available field outputs: ['E']
  DEBUG: Strain field has 13752 values
  DEBUG: Checking available positions...
  DEBUG: Total transformed field values: 13752
  DEBUG: INTEGRATION_POINT field has 0 values
  DEBUG: ELEMENT_NODAL field has 13752 values
  DEBUG: Processing 1 instances
  DEBUG: Instance 'PLATE-1' has 2292 elements
  DEBUG: Instance field has 13752 values
  DEBUG: Collected strains for 1219 nodes
  ✓ Saved 1219 nodal strain values
[125/500] Processing Plate_21.odb...
  DEBUG: Available steps: ['Step-1']
  DEBUG: Using step: Step-1, frames: 2
  DEBUG: Available field outputs: ['E']
  DEBUG: Strain field has 13992 values
  DEBUG: Checking available positions...
  DEBUG: Total transformed field values: 13992
  DEBUG: INTEGRATION_POINT field has 0 values
  DEBUG: ELEMENT_NODAL field has 13992 values
  DEBUG: Processing 1 instances
  DEBUG: Instance 'PLATE-1' has 2332 elements
  DEBUG: Instance field has 13992 values
  DEBUG: Collected strains for 1240 nodes
  ✓ Saved 1240 nodal strain values
[126/500] Processing Plate_210.odb...
  DEBUG: Available steps: ['Step-1']
  DEBUG: Using step: Step-1, frames: 2
  DEBUG: Available field outputs: ['E']
  DEBUG: Strain field has 13752 values
  DEBUG: Checking available positions...
  DEBUG: Total transformed field values: 13752
  DEBUG: INTEGRATION_POINT field has 0 values
  DEBUG: ELEMENT_NODAL field has 13752 values
  DEBUG: Processing 1 instances
  DEBUG: Instance 'PLATE-1' has 2292 elements
  DEBUG: Instance field has 13752 values
  DEBUG: Collected strains for 1219 nodes
  ✓ Saved 1219 nodal strain values
[127/500] Processing Plate_211.odb...
  DEBUG: Available steps: ['Step-1']
  DEBUG: Using step: Step-1, frames: 2
  DEBUG: Available field outputs: ['E']
  DEBUG: Strain field has 13752 values
  DEBUG: Checking available positions...
  DEBUG: Total transformed field values: 13752
  DEBUG: INTEGRATION_POINT field has 0 values
  DEBUG: ELEMENT_NODAL field has 13752 values
  DEBUG: Processing 1 instances
  DEBUG: Instance 'PLATE-1' has 2292 elements
  DEBUG: Instance field has 13752 values
  DEBUG: Collected strains for 1219 nodes
  ✓ Saved 1219 nodal strain values
[128/500] Processing Plate_212.odb...
  DEBUG: Available steps: ['Step-1']
  DEBUG: Using step: Step-1, frames: 2
  DEBUG: Available field outputs: ['E']
  DEBUG: Strain field has 13752 values
  DEBUG: Checking available positions...
  DEBUG: Total transformed field values: 13752
  DEBUG: INTEGRATION_POINT field has 0 values
  DEBUG: ELEMENT_NODAL field has 13752 values
  DEBUG: Processing 1 instances
  DEBUG: Instance 'PLATE-1' has 2292 elements
  DEBUG: Instance field has 13752 values
  DEBUG: Collected strains for 1219 nodes
  ✓ Saved 1219 nodal strain values
[129/500] Processing Plate_213.odb...
  DEBUG: Available steps: ['Step-1']
  DEBUG: Using step: Step-1, frames: 2
  DEBUG: Available field outputs: ['E']
  DEBUG: Strain field has 13752 values
  DEBUG: Checking available positions...
  DEBUG: Total transformed field values: 13752
  DEBUG: INTEGRATION_POINT field has 0 values
  DEBUG: ELEMENT_NODAL field has 13752 values
  DEBUG: Processing 1 instances
  DEBUG: Instance 'PLATE-1' has 2292 elements
  DEBUG: Instance field has 13752 values
  DEBUG: Collected strains for 1219 nodes
  ✓ Saved 1219 nodal strain values
[130/500] Processing Plate_214.odb...
  DEBUG: Available steps: ['Step-1']
  DEBUG: Using step: Step-1, frames: 2
  DEBUG: Available field outputs: ['E']
  DEBUG: Strain field has 13752 values
  DEBUG: Checking available positions...
  DEBUG: Total transformed field values: 13752
  DEBUG: INTEGRATION_POINT field has 0 values
  DEBUG: ELEMENT_NODAL field has 13752 values
  DEBUG: Processing 1 instances
  DEBUG: Instance 'PLATE-1' has 2292 elements
  DEBUG: Instance field has 13752 values
  DEBUG: Collected strains for 1219 nodes
  ✓ Saved 1219 nodal strain values
[131/500] Processing Plate_215.odb...
  DEBUG: Available steps: ['Step-1']
  DEBUG: Using step: Step-1, frames: 2
  DEBUG: Available field outputs: ['E']
  DEBUG: Strain field has 13752 values
  DEBUG: Checking available positions...
  DEBUG: Total transformed field values: 13752
  DEBUG: INTEGRATION_POINT field has 0 values
  DEBUG: ELEMENT_NODAL field has 13752 values
  DEBUG: Processing 1 instances
  DEBUG: Instance 'PLATE-1' has 2292 elements
  DEBUG: Instance field has 13752 values
  DEBUG: Collected strains for 1219 nodes
  ✓ Saved 1219 nodal strain values
[132/500] Processing Plate_216.odb...
  DEBUG: Available steps: ['Step-1']
  DEBUG: Using step: Step-1, frames: 2
  DEBUG: Available field outputs: ['E']
  DEBUG: Strain field has 13752 values
  DEBUG: Checking available positions...
  DEBUG: Total transformed field values: 13752
  DEBUG: INTEGRATION_POINT field has 0 values
  DEBUG: ELEMENT_NODAL field has 13752 values
  DEBUG: Processing 1 instances
  DEBUG: Instance 'PLATE-1' has 2292 elements
  DEBUG: Instance field has 13752 values
  DEBUG: Collected strains for 1219 nodes
  ✓ Saved 1219 nodal strain values
[133/500] Processing Plate_217.odb...
  DEBUG: Available steps: ['Step-1']
  DEBUG: Using step: Step-1, frames: 2
  DEBUG: Available field outputs: ['E']
  DEBUG: Strain field has 13752 values
  DEBUG: Checking available positions...
  DEBUG: Total transformed field values: 13752
  DEBUG: INTEGRATION_POINT field has 0 values
  DEBUG: ELEMENT_NODAL field has 13752 values
  DEBUG: Processing 1 instances
  DEBUG: Instance 'PLATE-1' has 2292 elements
  DEBUG: Instance field has 13752 values
  DEBUG: Collected strains for 1219 nodes
  ✓ Saved 1219 nodal strain values
[134/500] Processing Plate_218.odb...
  DEBUG: Available steps: ['Step-1']
  DEBUG: Using step: Step-1, frames: 2
  DEBUG: Available field outputs: ['E']
  DEBUG: Strain field has 13752 values
  DEBUG: Checking available positions...
  DEBUG: Total transformed field values: 13752
  DEBUG: INTEGRATION_POINT field has 0 values
  DEBUG: ELEMENT_NODAL field has 13752 values
  DEBUG: Processing 1 instances
  DEBUG: Instance 'PLATE-1' has 2292 elements
  DEBUG: Instance field has 13752 values
  DEBUG: Collected strains for 1219 nodes
  ✓ Saved 1219 nodal strain values
[135/500] Processing Plate_219.odb...
  DEBUG: Available steps: ['Step-1']
  DEBUG: Using step: Step-1, frames: 2
  DEBUG: Available field outputs: ['E']
  DEBUG: Strain field has 13752 values
  DEBUG: Checking available positions...
  DEBUG: Total transformed field values: 13752
  DEBUG: INTEGRATION_POINT field has 0 values
  DEBUG: ELEMENT_NODAL field has 13752 values
  DEBUG: Processing 1 instances
  DEBUG: Instance 'PLATE-1' has 2292 elements
  DEBUG: Instance field has 13752 values
  DEBUG: Collected strains for 1219 nodes
  ✓ Saved 1219 nodal strain values
[136/500] Processing Plate_22.odb...
  DEBUG: Available steps: ['Step-1']
  DEBUG: Using step: Step-1, frames: 2
  DEBUG: Available field outputs: ['E']
  DEBUG: Strain field has 13992 values
  DEBUG: Checking available positions...
  DEBUG: Total transformed field values: 13992
  DEBUG: INTEGRATION_POINT field has 0 values
  DEBUG: ELEMENT_NODAL field has 13992 values
  DEBUG: Processing 1 instances
  DEBUG: Instance 'PLATE-1' has 2332 elements
  DEBUG: Instance field has 13992 values
  DEBUG: Collected strains for 1240 nodes
  ✓ Saved 1240 nodal strain values
[137/500] Processing Plate_220.odb...
  DEBUG: Available steps: ['Step-1']
  DEBUG: Using step: Step-1, frames: 2
  DEBUG: Available field outputs: ['E']
  DEBUG: Strain field has 14052 values
  DEBUG: Checking available positions...
  DEBUG: Total transformed field values: 14052
  DEBUG: INTEGRATION_POINT field has 0 values
  DEBUG: ELEMENT_NODAL field has 14052 values
  DEBUG: Processing 1 instances
  DEBUG: Instance 'PLATE-1' has 2342 elements
  DEBUG: Instance field has 14052 values
  DEBUG: Collected strains for 1245 nodes
  ✓ Saved 1245 nodal strain values
[138/500] Processing Plate_221.odb...
  DEBUG: Available steps: ['Step-1']
  DEBUG: Using step: Step-1, frames: 2
  DEBUG: Available field outputs: ['E']
  DEBUG: Strain field has 14052 values
  DEBUG: Checking available positions...
  DEBUG: Total transformed field values: 14052
  DEBUG: INTEGRATION_POINT field has 0 values
  DEBUG: ELEMENT_NODAL field has 14052 values
  DEBUG: Processing 1 instances
  DEBUG: Instance 'PLATE-1' has 2342 elements
  DEBUG: Instance field has 14052 values
  DEBUG: Collected strains for 1245 nodes
  ✓ Saved 1245 nodal strain values
[139/500] Processing Plate_222.odb...
  DEBUG: Available steps: ['Step-1']
  DEBUG: Using step: Step-1, frames: 2
  DEBUG: Available field outputs: ['E']
  DEBUG: Strain field has 14052 values
  DEBUG: Checking available positions...
  DEBUG: Total transformed field values: 14052
  DEBUG: INTEGRATION_POINT field has 0 values
  DEBUG: ELEMENT_NODAL field has 14052 values
  DEBUG: Processing 1 instances
  DEBUG: Instance 'PLATE-1' has 2342 elements
  DEBUG: Instance field has 14052 values
  DEBUG: Collected strains for 1245 nodes
  ✓ Saved 1245 nodal strain values
[140/500] Processing Plate_223.odb...
  DEBUG: Available steps: ['Step-1']
  DEBUG: Using step: Step-1, frames: 2
  DEBUG: Available field outputs: ['E']
  DEBUG: Strain field has 14052 values
  DEBUG: Checking available positions...
  DEBUG: Total transformed field values: 14052
  DEBUG: INTEGRATION_POINT field has 0 values
  DEBUG: ELEMENT_NODAL field has 14052 values
  DEBUG: Processing 1 instances
  DEBUG: Instance 'PLATE-1' has 2342 elements
  DEBUG: Instance field has 14052 values
  DEBUG: Collected strains for 1245 nodes
  ✓ Saved 1245 nodal strain values
[141/500] Processing Plate_224.odb...
  DEBUG: Available steps: ['Step-1']
  DEBUG: Using step: Step-1, frames: 2
  DEBUG: Available field outputs: ['E']
  DEBUG: Strain field has 14052 values
  DEBUG: Checking available positions...
  DEBUG: Total transformed field values: 14052
  DEBUG: INTEGRATION_POINT field has 0 values
  DEBUG: ELEMENT_NODAL field has 14052 values
  DEBUG: Processing 1 instances
  DEBUG: Instance 'PLATE-1' has 2342 elements
  DEBUG: Instance field has 14052 values
  DEBUG: Collected strains for 1245 nodes
  ✓ Saved 1245 nodal strain values
[142/500] Processing Plate_225.odb...
  DEBUG: Available steps: ['Step-1']
  DEBUG: Using step: Step-1, frames: 2
  DEBUG: Available field outputs: ['E']
  DEBUG: Strain field has 14052 values
  DEBUG: Checking available positions...
  DEBUG: Total transformed field values: 14052
  DEBUG: INTEGRATION_POINT field has 0 values
  DEBUG: ELEMENT_NODAL field has 14052 values
  DEBUG: Processing 1 instances
  DEBUG: Instance 'PLATE-1' has 2342 elements
  DEBUG: Instance field has 14052 values
  DEBUG: Collected strains for 1245 nodes
  ✓ Saved 1245 nodal strain values
[143/500] Processing Plate_226.odb...
  DEBUG: Available steps: ['Step-1']
  DEBUG: Using step: Step-1, frames: 2
  DEBUG: Available field outputs: ['E']
  DEBUG: Strain field has 14052 values
  DEBUG: Checking available positions...
  DEBUG: Total transformed field values: 14052
  DEBUG: INTEGRATION_POINT field has 0 values
  DEBUG: ELEMENT_NODAL field has 14052 values
  DEBUG: Processing 1 instances
  DEBUG: Instance 'PLATE-1' has 2342 elements
  DEBUG: Instance field has 14052 values
  DEBUG: Collected strains for 1245 nodes
  ✓ Saved 1245 nodal strain values
[144/500] Processing Plate_227.odb...
  DEBUG: Available steps: ['Step-1']
  DEBUG: Using step: Step-1, frames: 2
  DEBUG: Available field outputs: ['E']
  DEBUG: Strain field has 14052 values
  DEBUG: Checking available positions...
  DEBUG: Total transformed field values: 14052
  DEBUG: INTEGRATION_POINT field has 0 values
  DEBUG: ELEMENT_NODAL field has 14052 values
  DEBUG: Processing 1 instances
  DEBUG: Instance 'PLATE-1' has 2342 elements
  DEBUG: Instance field has 14052 values
  DEBUG: Collected strains for 1245 nodes
  ✓ Saved 1245 nodal strain values
[145/500] Processing Plate_228.odb...
  DEBUG: Available steps: ['Step-1']
  DEBUG: Using step: Step-1, frames: 2
  DEBUG: Available field outputs: ['E']
  DEBUG: Strain field has 14052 values
  DEBUG: Checking available positions...
  DEBUG: Total transformed field values: 14052
  DEBUG: INTEGRATION_POINT field has 0 values
  DEBUG: ELEMENT_NODAL field has 14052 values
  DEBUG: Processing 1 instances
  DEBUG: Instance 'PLATE-1' has 2342 elements
  DEBUG: Instance field has 14052 values
  DEBUG: Collected strains for 1245 nodes
  ✓ Saved 1245 nodal strain values
[146/500] Processing Plate_229.odb...
  DEBUG: Available steps: ['Step-1']
  DEBUG: Using step: Step-1, frames: 2
  DEBUG: Available field outputs: ['E']
  DEBUG: Strain field has 14052 values
  DEBUG: Checking available positions...
  DEBUG: Total transformed field values: 14052
  DEBUG: INTEGRATION_POINT field has 0 values
  DEBUG: ELEMENT_NODAL field has 14052 values
  DEBUG: Processing 1 instances
  DEBUG: Instance 'PLATE-1' has 2342 elements
  DEBUG: Instance field has 14052 values
  DEBUG: Collected strains for 1245 nodes
  ✓ Saved 1245 nodal strain values
[147/500] Processing Plate_23.odb...
  DEBUG: Available steps: ['Step-1']
  DEBUG: Using step: Step-1, frames: 2
  DEBUG: Available field outputs: ['E']
  DEBUG: Strain field has 13992 values
  DEBUG: Checking available positions...
  DEBUG: Total transformed field values: 13992
  DEBUG: INTEGRATION_POINT field has 0 values
  DEBUG: ELEMENT_NODAL field has 13992 values
  DEBUG: Processing 1 instances
  DEBUG: Instance 'PLATE-1' has 2332 elements
  DEBUG: Instance field has 13992 values
  DEBUG: Collected strains for 1240 nodes
  ✓ Saved 1240 nodal strain values
[148/500] Processing Plate_230.odb...
  DEBUG: Available steps: ['Step-1']
  DEBUG: Using step: Step-1, frames: 2
  DEBUG: Available field outputs: ['E']
  DEBUG: Strain field has 14052 values
  DEBUG: Checking available positions...
  DEBUG: Total transformed field values: 14052
  DEBUG: INTEGRATION_POINT field has 0 values
  DEBUG: ELEMENT_NODAL field has 14052 values
  DEBUG: Processing 1 instances
  DEBUG: Instance 'PLATE-1' has 2342 elements
  DEBUG: Instance field has 14052 values
  DEBUG: Collected strains for 1245 nodes
  ✓ Saved 1245 nodal strain values
[149/500] Processing Plate_231.odb...
  DEBUG: Available steps: ['Step-1']
  DEBUG: Using step: Step-1, frames: 2
  DEBUG: Available field outputs: ['E']
  DEBUG: Strain field has 14052 values
  DEBUG: Checking available positions...
  DEBUG: Total transformed field values: 14052
  DEBUG: INTEGRATION_POINT field has 0 values
  DEBUG: ELEMENT_NODAL field has 14052 values
  DEBUG: Processing 1 instances
  DEBUG: Instance 'PLATE-1' has 2342 elements
  DEBUG: Instance field has 14052 values
  DEBUG: Collected strains for 1245 nodes
  ✓ Saved 1245 nodal strain values
[150/500] Processing Plate_232.odb...
  DEBUG: Available steps: ['Step-1']
  DEBUG: Using step: Step-1, frames: 2
  DEBUG: Available field outputs: ['E']
  DEBUG: Strain field has 14052 values
  DEBUG: Checking available positions...
  DEBUG: Total transformed field values: 14052
  DEBUG: INTEGRATION_POINT field has 0 values
  DEBUG: ELEMENT_NODAL field has 14052 values
  DEBUG: Processing 1 instances
  DEBUG: Instance 'PLATE-1' has 2342 elements
  DEBUG: Instance field has 14052 values
  DEBUG: Collected strains for 1245 nodes
  ✓ Saved 1245 nodal strain values
[151/500] Processing Plate_233.odb...
  DEBUG: Available steps: ['Step-1']
  DEBUG: Using step: Step-1, frames: 2
  DEBUG: Available field outputs: ['E']
  DEBUG: Strain field has 14052 values
  DEBUG: Checking available positions...
  DEBUG: Total transformed field values: 14052
  DEBUG: INTEGRATION_POINT field has 0 values
  DEBUG: ELEMENT_NODAL field has 14052 values
  DEBUG: Processing 1 instances
  DEBUG: Instance 'PLATE-1' has 2342 elements
  DEBUG: Instance field has 14052 values
  DEBUG: Collected strains for 1245 nodes
  ✓ Saved 1245 nodal strain values
[152/500] Processing Plate_234.odb...
  DEBUG: Available steps: ['Step-1']
  DEBUG: Using step: Step-1, frames: 2
  DEBUG: Available field outputs: ['E']
  DEBUG: Strain field has 14052 values
  DEBUG: Checking available positions...
  DEBUG: Total transformed field values: 14052
  DEBUG: INTEGRATION_POINT field has 0 values
  DEBUG: ELEMENT_NODAL field has 14052 values
  DEBUG: Processing 1 instances
  DEBUG: Instance 'PLATE-1' has 2342 elements
  DEBUG: Instance field has 14052 values
  DEBUG: Collected strains for 1245 nodes
  ✓ Saved 1245 nodal strain values
[153/500] Processing Plate_235.odb...
  DEBUG: Available steps: ['Step-1']
  DEBUG: Using step: Step-1, frames: 2
  DEBUG: Available field outputs: ['E']
  DEBUG: Strain field has 14052 values
  DEBUG: Checking available positions...
  DEBUG: Total transformed field values: 14052
  DEBUG: INTEGRATION_POINT field has 0 values
  DEBUG: ELEMENT_NODAL field has 14052 values
  DEBUG: Processing 1 instances
  DEBUG: Instance 'PLATE-1' has 2342 elements
  DEBUG: Instance field has 14052 values
  DEBUG: Collected strains for 1245 nodes
  ✓ Saved 1245 nodal strain values
[154/500] Processing Plate_236.odb...
  DEBUG: Available steps: ['Step-1']
  DEBUG: Using step: Step-1, frames: 2
  DEBUG: Available field outputs: ['E']
  DEBUG: Strain field has 14052 values
  DEBUG: Checking available positions...
  DEBUG: Total transformed field values: 14052
  DEBUG: INTEGRATION_POINT field has 0 values
  DEBUG: ELEMENT_NODAL field has 14052 values
  DEBUG: Processing 1 instances
  DEBUG: Instance 'PLATE-1' has 2342 elements
  DEBUG: Instance field has 14052 values
  DEBUG: Collected strains for 1245 nodes
  ✓ Saved 1245 nodal strain values
[155/500] Processing Plate_237.odb...
  DEBUG: Available steps: ['Step-1']
  DEBUG: Using step: Step-1, frames: 2
  DEBUG: Available field outputs: ['E']
  DEBUG: Strain field has 14052 values
  DEBUG: Checking available positions...
  DEBUG: Total transformed field values: 14052
  DEBUG: INTEGRATION_POINT field has 0 values
  DEBUG: ELEMENT_NODAL field has 14052 values
  DEBUG: Processing 1 instances
  DEBUG: Instance 'PLATE-1' has 2342 elements
  DEBUG: Instance field has 14052 values
  DEBUG: Collected strains for 1245 nodes
  ✓ Saved 1245 nodal strain values
[156/500] Processing Plate_238.odb...
  DEBUG: Available steps: ['Step-1']
  DEBUG: Using step: Step-1, frames: 2
  DEBUG: Available field outputs: ['E']
  DEBUG: Strain field has 14052 values
  DEBUG: Checking available positions...
  DEBUG: Total transformed field values: 14052
  DEBUG: INTEGRATION_POINT field has 0 values
  DEBUG: ELEMENT_NODAL field has 14052 values
  DEBUG: Processing 1 instances
  DEBUG: Instance 'PLATE-1' has 2342 elements
  DEBUG: Instance field has 14052 values
  DEBUG: Collected strains for 1245 nodes
  ✓ Saved 1245 nodal strain values
[157/500] Processing Plate_239.odb...
  DEBUG: Available steps: ['Step-1']
  DEBUG: Using step: Step-1, frames: 2
  DEBUG: Available field outputs: ['E']
  DEBUG: Strain field has 14052 values
  DEBUG: Checking available positions...
  DEBUG: Total transformed field values: 14052
  DEBUG: INTEGRATION_POINT field has 0 values
  DEBUG: ELEMENT_NODAL field has 14052 values
  DEBUG: Processing 1 instances
  DEBUG: Instance 'PLATE-1' has 2342 elements
  DEBUG: Instance field has 14052 values
  DEBUG: Collected strains for 1245 nodes
  ✓ Saved 1245 nodal strain values
[158/500] Processing Plate_24.odb...
  DEBUG: Available steps: ['Step-1']
  DEBUG: Using step: Step-1, frames: 2
  DEBUG: Available field outputs: ['E']
  DEBUG: Strain field has 13992 values
  DEBUG: Checking available positions...
  DEBUG: Total transformed field values: 13992
  DEBUG: INTEGRATION_POINT field has 0 values
  DEBUG: ELEMENT_NODAL field has 13992 values
  DEBUG: Processing 1 instances
  DEBUG: Instance 'PLATE-1' has 2332 elements
  DEBUG: Instance field has 13992 values
  DEBUG: Collected strains for 1240 nodes
  ✓ Saved 1240 nodal strain values
[159/500] Processing Plate_240.odb...
  DEBUG: Available steps: ['Step-1']
  DEBUG: Using step: Step-1, frames: 2
  DEBUG: Available field outputs: ['E']
  DEBUG: Strain field has 13380 values
  DEBUG: Checking available positions...
  DEBUG: Total transformed field values: 13380
  DEBUG: INTEGRATION_POINT field has 0 values
  DEBUG: ELEMENT_NODAL field has 13380 values
  DEBUG: Processing 1 instances
  DEBUG: Instance 'PLATE-1' has 2230 elements
  DEBUG: Instance field has 13380 values
  DEBUG: Collected strains for 1195 nodes
  ✓ Saved 1195 nodal strain values
[160/500] Processing Plate_241.odb...
  DEBUG: Available steps: ['Step-1']
  DEBUG: Using step: Step-1, frames: 2
  DEBUG: Available field outputs: ['E']
  DEBUG: Strain field has 13380 values
  DEBUG: Checking available positions...
  DEBUG: Total transformed field values: 13380
  DEBUG: INTEGRATION_POINT field has 0 values
  DEBUG: ELEMENT_NODAL field has 13380 values
  DEBUG: Processing 1 instances
  DEBUG: Instance 'PLATE-1' has 2230 elements
  DEBUG: Instance field has 13380 values
  DEBUG: Collected strains for 1195 nodes
  ✓ Saved 1195 nodal strain values
[161/500] Processing Plate_242.odb...
  DEBUG: Available steps: ['Step-1']
  DEBUG: Using step: Step-1, frames: 2
  DEBUG: Available field outputs: ['E']
  DEBUG: Strain field has 13380 values
  DEBUG: Checking available positions...
  DEBUG: Total transformed field values: 13380
  DEBUG: INTEGRATION_POINT field has 0 values
  DEBUG: ELEMENT_NODAL field has 13380 values
  DEBUG: Processing 1 instances
  DEBUG: Instance 'PLATE-1' has 2230 elements
  DEBUG: Instance field has 13380 values
  DEBUG: Collected strains for 1195 nodes
  ✓ Saved 1195 nodal strain values
[162/500] Processing Plate_243.odb...
  DEBUG: Available steps: ['Step-1']
  DEBUG: Using step: Step-1, frames: 2
  DEBUG: Available field outputs: ['E']
  DEBUG: Strain field has 13380 values
  DEBUG: Checking available positions...
  DEBUG: Total transformed field values: 13380
  DEBUG: INTEGRATION_POINT field has 0 values
  DEBUG: ELEMENT_NODAL field has 13380 values
  DEBUG: Processing 1 instances
  DEBUG: Instance 'PLATE-1' has 2230 elements
  DEBUG: Instance field has 13380 values
  DEBUG: Collected strains for 1195 nodes
  ✓ Saved 1195 nodal strain values
[163/500] Processing Plate_244.odb...
  DEBUG: Available steps: ['Step-1']
  DEBUG: Using step: Step-1, frames: 2
  DEBUG: Available field outputs: ['E']
  DEBUG: Strain field has 13380 values
  DEBUG: Checking available positions...
  DEBUG: Total transformed field values: 13380
  DEBUG: INTEGRATION_POINT field has 0 values
  DEBUG: ELEMENT_NODAL field has 13380 values
  DEBUG: Processing 1 instances
  DEBUG: Instance 'PLATE-1' has 2230 elements
  DEBUG: Instance field has 13380 values
  DEBUG: Collected strains for 1195 nodes
  ✓ Saved 1195 nodal strain values
[164/500] Processing Plate_245.odb...
  DEBUG: Available steps: ['Step-1']
  DEBUG: Using step: Step-1, frames: 2
  DEBUG: Available field outputs: ['E']
  DEBUG: Strain field has 13380 values
  DEBUG: Checking available positions...
  DEBUG: Total transformed field values: 13380
  DEBUG: INTEGRATION_POINT field has 0 values
  DEBUG: ELEMENT_NODAL field has 13380 values
  DEBUG: Processing 1 instances
  DEBUG: Instance 'PLATE-1' has 2230 elements
  DEBUG: Instance field has 13380 values
  DEBUG: Collected strains for 1195 nodes
  ✓ Saved 1195 nodal strain values
[165/500] Processing Plate_246.odb...
  DEBUG: Available steps: ['Step-1']
  DEBUG: Using step: Step-1, frames: 2
  DEBUG: Available field outputs: ['E']
  DEBUG: Strain field has 13380 values
  DEBUG: Checking available positions...
  DEBUG: Total transformed field values: 13380
  DEBUG: INTEGRATION_POINT field has 0 values
  DEBUG: ELEMENT_NODAL field has 13380 values
  DEBUG: Processing 1 instances
  DEBUG: Instance 'PLATE-1' has 2230 elements
  DEBUG: Instance field has 13380 values
  DEBUG: Collected strains for 1195 nodes
  ✓ Saved 1195 nodal strain values
[166/500] Processing Plate_247.odb...
  DEBUG: Available steps: ['Step-1']
  DEBUG: Using step: Step-1, frames: 2
  DEBUG: Available field outputs: ['E']
  DEBUG: Strain field has 13380 values
  DEBUG: Checking available positions...
  DEBUG: Total transformed field values: 13380
  DEBUG: INTEGRATION_POINT field has 0 values
  DEBUG: ELEMENT_NODAL field has 13380 values
  DEBUG: Processing 1 instances
  DEBUG: Instance 'PLATE-1' has 2230 elements
  DEBUG: Instance field has 13380 values
  DEBUG: Collected strains for 1195 nodes
  ✓ Saved 1195 nodal strain values
[167/500] Processing Plate_248.odb...
  DEBUG: Available steps: ['Step-1']
  DEBUG: Using step: Step-1, frames: 2
  DEBUG: Available field outputs: ['E']
  DEBUG: Strain field has 13380 values
  DEBUG: Checking available positions...
  DEBUG: Total transformed field values: 13380
  DEBUG: INTEGRATION_POINT field has 0 values
  DEBUG: ELEMENT_NODAL field has 13380 values
  DEBUG: Processing 1 instances
  DEBUG: Instance 'PLATE-1' has 2230 elements
  DEBUG: Instance field has 13380 values
  DEBUG: Collected strains for 1195 nodes
  ✓ Saved 1195 nodal strain values
[168/500] Processing Plate_249.odb...
  DEBUG: Available steps: ['Step-1']
  DEBUG: Using step: Step-1, frames: 2
  DEBUG: Available field outputs: ['E']
  DEBUG: Strain field has 13380 values
  DEBUG: Checking available positions...
  DEBUG: Total transformed field values: 13380
  DEBUG: INTEGRATION_POINT field has 0 values
  DEBUG: ELEMENT_NODAL field has 13380 values
  DEBUG: Processing 1 instances
  DEBUG: Instance 'PLATE-1' has 2230 elements
  DEBUG: Instance field has 13380 values
  DEBUG: Collected strains for 1195 nodes
  ✓ Saved 1195 nodal strain values
[169/500] Processing Plate_25.odb...
  DEBUG: Available steps: ['Step-1']
  DEBUG: Using step: Step-1, frames: 2
  DEBUG: Available field outputs: ['E']
  DEBUG: Strain field has 13992 values
  DEBUG: Checking available positions...
  DEBUG: Total transformed field values: 13992
  DEBUG: INTEGRATION_POINT field has 0 values
  DEBUG: ELEMENT_NODAL field has 13992 values
  DEBUG: Processing 1 instances
  DEBUG: Instance 'PLATE-1' has 2332 elements
  DEBUG: Instance field has 13992 values
  DEBUG: Collected strains for 1240 nodes
  ✓ Saved 1240 nodal strain values
[170/500] Processing Plate_250.odb...
  DEBUG: Available steps: ['Step-1']
  DEBUG: Using step: Step-1, frames: 2
  DEBUG: Available field outputs: ['E']
  DEBUG: Strain field has 13380 values
  DEBUG: Checking available positions...
  DEBUG: Total transformed field values: 13380
  DEBUG: INTEGRATION_POINT field has 0 values
  DEBUG: ELEMENT_NODAL field has 13380 values
  DEBUG: Processing 1 instances
  DEBUG: Instance 'PLATE-1' has 2230 elements
  DEBUG: Instance field has 13380 values
  DEBUG: Collected strains for 1195 nodes
  ✓ Saved 1195 nodal strain values
[171/500] Processing Plate_251.odb...
  DEBUG: Available steps: ['Step-1']
  DEBUG: Using step: Step-1, frames: 2
  DEBUG: Available field outputs: ['E']
  DEBUG: Strain field has 13380 values
  DEBUG: Checking available positions...
  DEBUG: Total transformed field values: 13380
  DEBUG: INTEGRATION_POINT field has 0 values
  DEBUG: ELEMENT_NODAL field has 13380 values
  DEBUG: Processing 1 instances
  DEBUG: Instance 'PLATE-1' has 2230 elements
  DEBUG: Instance field has 13380 values
  DEBUG: Collected strains for 1195 nodes
  ✓ Saved 1195 nodal strain values
[172/500] Processing Plate_252.odb...
  DEBUG: Available steps: ['Step-1']
  DEBUG: Using step: Step-1, frames: 2
  DEBUG: Available field outputs: ['E']
  DEBUG: Strain field has 13380 values
  DEBUG: Checking available positions...
  DEBUG: Total transformed field values: 13380
  DEBUG: INTEGRATION_POINT field has 0 values
  DEBUG: ELEMENT_NODAL field has 13380 values
  DEBUG: Processing 1 instances
  DEBUG: Instance 'PLATE-1' has 2230 elements
  DEBUG: Instance field has 13380 values
  DEBUG: Collected strains for 1195 nodes
  ✓ Saved 1195 nodal strain values
[173/500] Processing Plate_253.odb...
  DEBUG: Available steps: ['Step-1']
  DEBUG: Using step: Step-1, frames: 2
  DEBUG: Available field outputs: ['E']
  DEBUG: Strain field has 13380 values
  DEBUG: Checking available positions...
  DEBUG: Total transformed field values: 13380
  DEBUG: INTEGRATION_POINT field has 0 values
  DEBUG: ELEMENT_NODAL field has 13380 values
  DEBUG: Processing 1 instances
  DEBUG: Instance 'PLATE-1' has 2230 elements
  DEBUG: Instance field has 13380 values
  DEBUG: Collected strains for 1195 nodes
  ✓ Saved 1195 nodal strain values
[174/500] Processing Plate_254.odb...
  DEBUG: Available steps: ['Step-1']
  DEBUG: Using step: Step-1, frames: 2
  DEBUG: Available field outputs: ['E']
  DEBUG: Strain field has 13380 values
  DEBUG: Checking available positions...
  DEBUG: Total transformed field values: 13380
  DEBUG: INTEGRATION_POINT field has 0 values
  DEBUG: ELEMENT_NODAL field has 13380 values
  DEBUG: Processing 1 instances
  DEBUG: Instance 'PLATE-1' has 2230 elements
  DEBUG: Instance field has 13380 values
  DEBUG: Collected strains for 1195 nodes
  ✓ Saved 1195 nodal strain values
[175/500] Processing Plate_255.odb...
  DEBUG: Available steps: ['Step-1']
  DEBUG: Using step: Step-1, frames: 2
  DEBUG: Available field outputs: ['E']
  DEBUG: Strain field has 13380 values
  DEBUG: Checking available positions...
  DEBUG: Total transformed field values: 13380
  DEBUG: INTEGRATION_POINT field has 0 values
  DEBUG: ELEMENT_NODAL field has 13380 values
  DEBUG: Processing 1 instances
  DEBUG: Instance 'PLATE-1' has 2230 elements
  DEBUG: Instance field has 13380 values
  DEBUG: Collected strains for 1195 nodes
  ✓ Saved 1195 nodal strain values
[176/500] Processing Plate_256.odb...
  DEBUG: Available steps: ['Step-1']
  DEBUG: Using step: Step-1, frames: 2
  DEBUG: Available field outputs: ['E']
  DEBUG: Strain field has 13380 values
  DEBUG: Checking available positions...
  DEBUG: Total transformed field values: 13380
  DEBUG: INTEGRATION_POINT field has 0 values
  DEBUG: ELEMENT_NODAL field has 13380 values
  DEBUG: Processing 1 instances
  DEBUG: Instance 'PLATE-1' has 2230 elements
  DEBUG: Instance field has 13380 values
  DEBUG: Collected strains for 1195 nodes
  ✓ Saved 1195 nodal strain values
[177/500] Processing Plate_257.odb...
  DEBUG: Available steps: ['Step-1']
  DEBUG: Using step: Step-1, frames: 2
  DEBUG: Available field outputs: ['E']
  DEBUG: Strain field has 13380 values
  DEBUG: Checking available positions...
  DEBUG: Total transformed field values: 13380
  DEBUG: INTEGRATION_POINT field has 0 values
  DEBUG: ELEMENT_NODAL field has 13380 values
  DEBUG: Processing 1 instances
  DEBUG: Instance 'PLATE-1' has 2230 elements
  DEBUG: Instance field has 13380 values
  DEBUG: Collected strains for 1195 nodes
  ✓ Saved 1195 nodal strain values
[178/500] Processing Plate_258.odb...
  DEBUG: Available steps: ['Step-1']
  DEBUG: Using step: Step-1, frames: 2
  DEBUG: Available field outputs: ['E']
  DEBUG: Strain field has 13380 values
  DEBUG: Checking available positions...
  DEBUG: Total transformed field values: 13380
  DEBUG: INTEGRATION_POINT field has 0 values
  DEBUG: ELEMENT_NODAL field has 13380 values
  DEBUG: Processing 1 instances
  DEBUG: Instance 'PLATE-1' has 2230 elements
  DEBUG: Instance field has 13380 values
  DEBUG: Collected strains for 1195 nodes
  ✓ Saved 1195 nodal strain values
[179/500] Processing Plate_259.odb...
  DEBUG: Available steps: ['Step-1']
  DEBUG: Using step: Step-1, frames: 2
  DEBUG: Available field outputs: ['E']
  DEBUG: Strain field has 13380 values
  DEBUG: Checking available positions...
  DEBUG: Total transformed field values: 13380
  DEBUG: INTEGRATION_POINT field has 0 values
  DEBUG: ELEMENT_NODAL field has 13380 values
  DEBUG: Processing 1 instances
  DEBUG: Instance 'PLATE-1' has 2230 elements
  DEBUG: Instance field has 13380 values
  DEBUG: Collected strains for 1195 nodes
  ✓ Saved 1195 nodal strain values
[180/500] Processing Plate_26.odb...
  DEBUG: Available steps: ['Step-1']
  DEBUG: Using step: Step-1, frames: 2
  DEBUG: Available field outputs: ['E']
  DEBUG: Strain field has 13992 values
  DEBUG: Checking available positions...
  DEBUG: Total transformed field values: 13992
  DEBUG: INTEGRATION_POINT field has 0 values
  DEBUG: ELEMENT_NODAL field has 13992 values
  DEBUG: Processing 1 instances
  DEBUG: Instance 'PLATE-1' has 2332 elements
  DEBUG: Instance field has 13992 values
  DEBUG: Collected strains for 1240 nodes
  ✓ Saved 1240 nodal strain values
[181/500] Processing Plate_260.odb...
  DEBUG: Available steps: ['Step-1']
  DEBUG: Using step: Step-1, frames: 2
  DEBUG: Available field outputs: ['E']
  DEBUG: Strain field has 13908 values
  DEBUG: Checking available positions...
  DEBUG: Total transformed field values: 13908
  DEBUG: INTEGRATION_POINT field has 0 values
  DEBUG: ELEMENT_NODAL field has 13908 values
  DEBUG: Processing 1 instances
  DEBUG: Instance 'PLATE-1' has 2318 elements
  DEBUG: Instance field has 13908 values
  DEBUG: Collected strains for 1237 nodes
  ✓ Saved 1237 nodal strain values
[182/500] Processing Plate_261.odb...
  DEBUG: Available steps: ['Step-1']
  DEBUG: Using step: Step-1, frames: 2
  DEBUG: Available field outputs: ['E']
  DEBUG: Strain field has 13908 values
  DEBUG: Checking available positions...
  DEBUG: Total transformed field values: 13908
  DEBUG: INTEGRATION_POINT field has 0 values
  DEBUG: ELEMENT_NODAL field has 13908 values
  DEBUG: Processing 1 instances
  DEBUG: Instance 'PLATE-1' has 2318 elements
  DEBUG: Instance field has 13908 values
  DEBUG: Collected strains for 1237 nodes
  ✓ Saved 1237 nodal strain values
[183/500] Processing Plate_262.odb...
  DEBUG: Available steps: ['Step-1']
  DEBUG: Using step: Step-1, frames: 2
  DEBUG: Available field outputs: ['E']
  DEBUG: Strain field has 13908 values
  DEBUG: Checking available positions...
  DEBUG: Total transformed field values: 13908
  DEBUG: INTEGRATION_POINT field has 0 values
  DEBUG: ELEMENT_NODAL field has 13908 values
  DEBUG: Processing 1 instances
  DEBUG: Instance 'PLATE-1' has 2318 elements
  DEBUG: Instance field has 13908 values
  DEBUG: Collected strains for 1237 nodes
  ✓ Saved 1237 nodal strain values
[184/500] Processing Plate_263.odb...
  DEBUG: Available steps: ['Step-1']
  DEBUG: Using step: Step-1, frames: 2
  DEBUG: Available field outputs: ['E']
  DEBUG: Strain field has 13908 values
  DEBUG: Checking available positions...
  DEBUG: Total transformed field values: 13908
  DEBUG: INTEGRATION_POINT field has 0 values
  DEBUG: ELEMENT_NODAL field has 13908 values
  DEBUG: Processing 1 instances
  DEBUG: Instance 'PLATE-1' has 2318 elements
  DEBUG: Instance field has 13908 values
  DEBUG: Collected strains for 1237 nodes
  ✓ Saved 1237 nodal strain values
[185/500] Processing Plate_264.odb...
  DEBUG: Available steps: ['Step-1']
  DEBUG: Using step: Step-1, frames: 2
  DEBUG: Available field outputs: ['E']
  DEBUG: Strain field has 13908 values
  DEBUG: Checking available positions...
  DEBUG: Total transformed field values: 13908
  DEBUG: INTEGRATION_POINT field has 0 values
  DEBUG: ELEMENT_NODAL field has 13908 values
  DEBUG: Processing 1 instances
  DEBUG: Instance 'PLATE-1' has 2318 elements
  DEBUG: Instance field has 13908 values
  DEBUG: Collected strains for 1237 nodes
  ✓ Saved 1237 nodal strain values
[186/500] Processing Plate_265.odb...
  DEBUG: Available steps: ['Step-1']
  DEBUG: Using step: Step-1, frames: 2
  DEBUG: Available field outputs: ['E']
  DEBUG: Strain field has 13908 values
  DEBUG: Checking available positions...
  DEBUG: Total transformed field values: 13908
  DEBUG: INTEGRATION_POINT field has 0 values
  DEBUG: ELEMENT_NODAL field has 13908 values
  DEBUG: Processing 1 instances
  DEBUG: Instance 'PLATE-1' has 2318 elements
  DEBUG: Instance field has 13908 values
  DEBUG: Collected strains for 1237 nodes
  ✓ Saved 1237 nodal strain values
[187/500] Processing Plate_266.odb...
  DEBUG: Available steps: ['Step-1']
  DEBUG: Using step: Step-1, frames: 2
  DEBUG: Available field outputs: ['E']
  DEBUG: Strain field has 13908 values
  DEBUG: Checking available positions...
  DEBUG: Total transformed field values: 13908
  DEBUG: INTEGRATION_POINT field has 0 values
  DEBUG: ELEMENT_NODAL field has 13908 values
  DEBUG: Processing 1 instances
  DEBUG: Instance 'PLATE-1' has 2318 elements
  DEBUG: Instance field has 13908 values
  DEBUG: Collected strains for 1237 nodes
  ✓ Saved 1237 nodal strain values
[188/500] Processing Plate_267.odb...
  DEBUG: Available steps: ['Step-1']
  DEBUG: Using step: Step-1, frames: 2
  DEBUG: Available field outputs: ['E']
  DEBUG: Strain field has 13908 values
  DEBUG: Checking available positions...
  DEBUG: Total transformed field values: 13908
  DEBUG: INTEGRATION_POINT field has 0 values
  DEBUG: ELEMENT_NODAL field has 13908 values
  DEBUG: Processing 1 instances
  DEBUG: Instance 'PLATE-1' has 2318 elements
  DEBUG: Instance field has 13908 values
  DEBUG: Collected strains for 1237 nodes
  ✓ Saved 1237 nodal strain values
[189/500] Processing Plate_268.odb...
  DEBUG: Available steps: ['Step-1']
  DEBUG: Using step: Step-1, frames: 2
  DEBUG: Available field outputs: ['E']
  DEBUG: Strain field has 13908 values
  DEBUG: Checking available positions...
  DEBUG: Total transformed field values: 13908
  DEBUG: INTEGRATION_POINT field has 0 values
  DEBUG: ELEMENT_NODAL field has 13908 values
  DEBUG: Processing 1 instances
  DEBUG: Instance 'PLATE-1' has 2318 elements
  DEBUG: Instance field has 13908 values
  DEBUG: Collected strains for 1237 nodes
  ✓ Saved 1237 nodal strain values
[190/500] Processing Plate_269.odb...
  DEBUG: Available steps: ['Step-1']
  DEBUG: Using step: Step-1, frames: 2
  DEBUG: Available field outputs: ['E']
  DEBUG: Strain field has 13908 values
  DEBUG: Checking available positions...
  DEBUG: Total transformed field values: 13908
  DEBUG: INTEGRATION_POINT field has 0 values
  DEBUG: ELEMENT_NODAL field has 13908 values
  DEBUG: Processing 1 instances
  DEBUG: Instance 'PLATE-1' has 2318 elements
  DEBUG: Instance field has 13908 values
  DEBUG: Collected strains for 1237 nodes
  ✓ Saved 1237 nodal strain values
[191/500] Processing Plate_27.odb...
  DEBUG: Available steps: ['Step-1']
  DEBUG: Using step: Step-1, frames: 2
  DEBUG: Available field outputs: ['E']
  DEBUG: Strain field has 13992 values
  DEBUG: Checking available positions...
  DEBUG: Total transformed field values: 13992
  DEBUG: INTEGRATION_POINT field has 0 values
  DEBUG: ELEMENT_NODAL field has 13992 values
  DEBUG: Processing 1 instances
  DEBUG: Instance 'PLATE-1' has 2332 elements
  DEBUG: Instance field has 13992 values
  DEBUG: Collected strains for 1240 nodes
  ✓ Saved 1240 nodal strain values
[192/500] Processing Plate_270.odb...
  DEBUG: Available steps: ['Step-1']
  DEBUG: Using step: Step-1, frames: 2
  DEBUG: Available field outputs: ['E']
  DEBUG: Strain field has 13908 values
  DEBUG: Checking available positions...
  DEBUG: Total transformed field values: 13908
  DEBUG: INTEGRATION_POINT field has 0 values
  DEBUG: ELEMENT_NODAL field has 13908 values
  DEBUG: Processing 1 instances
  DEBUG: Instance 'PLATE-1' has 2318 elements
  DEBUG: Instance field has 13908 values
  DEBUG: Collected strains for 1237 nodes
  ✓ Saved 1237 nodal strain values
[193/500] Processing Plate_271.odb...
  DEBUG: Available steps: ['Step-1']
  DEBUG: Using step: Step-1, frames: 2
  DEBUG: Available field outputs: ['E']
  DEBUG: Strain field has 13908 values
  DEBUG: Checking available positions...
  DEBUG: Total transformed field values: 13908
  DEBUG: INTEGRATION_POINT field has 0 values
  DEBUG: ELEMENT_NODAL field has 13908 values
  DEBUG: Processing 1 instances
  DEBUG: Instance 'PLATE-1' has 2318 elements
  DEBUG: Instance field has 13908 values
  DEBUG: Collected strains for 1237 nodes
  ✓ Saved 1237 nodal strain values
[194/500] Processing Plate_272.odb...
  DEBUG: Available steps: ['Step-1']
  DEBUG: Using step: Step-1, frames: 2
  DEBUG: Available field outputs: ['E']
  DEBUG: Strain field has 13908 values
  DEBUG: Checking available positions...
  DEBUG: Total transformed field values: 13908
  DEBUG: INTEGRATION_POINT field has 0 values
  DEBUG: ELEMENT_NODAL field has 13908 values
  DEBUG: Processing 1 instances
  DEBUG: Instance 'PLATE-1' has 2318 elements
  DEBUG: Instance field has 13908 values
  DEBUG: Collected strains for 1237 nodes
  ✓ Saved 1237 nodal strain values
[195/500] Processing Plate_273.odb...
  DEBUG: Available steps: ['Step-1']
  DEBUG: Using step: Step-1, frames: 2
  DEBUG: Available field outputs: ['E']
  DEBUG: Strain field has 13908 values
  DEBUG: Checking available positions...
  DEBUG: Total transformed field values: 13908
  DEBUG: INTEGRATION_POINT field has 0 values
  DEBUG: ELEMENT_NODAL field has 13908 values
  DEBUG: Processing 1 instances
  DEBUG: Instance 'PLATE-1' has 2318 elements
  DEBUG: Instance field has 13908 values
  DEBUG: Collected strains for 1237 nodes
  ✓ Saved 1237 nodal strain values
[196/500] Processing Plate_274.odb...
  DEBUG: Available steps: ['Step-1']
  DEBUG: Using step: Step-1, frames: 2
  DEBUG: Available field outputs: ['E']
  DEBUG: Strain field has 13908 values
  DEBUG: Checking available positions...
  DEBUG: Total transformed field values: 13908
  DEBUG: INTEGRATION_POINT field has 0 values
  DEBUG: ELEMENT_NODAL field has 13908 values
  DEBUG: Processing 1 instances
  DEBUG: Instance 'PLATE-1' has 2318 elements
  DEBUG: Instance field has 13908 values
  DEBUG: Collected strains for 1237 nodes
  ✓ Saved 1237 nodal strain values
[197/500] Processing Plate_275.odb...
  DEBUG: Available steps: ['Step-1']
  DEBUG: Using step: Step-1, frames: 2
  DEBUG: Available field outputs: ['E']
  DEBUG: Strain field has 13908 values
  DEBUG: Checking available positions...
  DEBUG: Total transformed field values: 13908
  DEBUG: INTEGRATION_POINT field has 0 values
  DEBUG: ELEMENT_NODAL field has 13908 values
  DEBUG: Processing 1 instances
  DEBUG: Instance 'PLATE-1' has 2318 elements
  DEBUG: Instance field has 13908 values
  DEBUG: Collected strains for 1237 nodes
  ✓ Saved 1237 nodal strain values
[198/500] Processing Plate_276.odb...
  DEBUG: Available steps: ['Step-1']
  DEBUG: Using step: Step-1, frames: 2
  DEBUG: Available field outputs: ['E']
  DEBUG: Strain field has 13908 values
  DEBUG: Checking available positions...
  DEBUG: Total transformed field values: 13908
  DEBUG: INTEGRATION_POINT field has 0 values
  DEBUG: ELEMENT_NODAL field has 13908 values
  DEBUG: Processing 1 instances
  DEBUG: Instance 'PLATE-1' has 2318 elements
  DEBUG: Instance field has 13908 values
  DEBUG: Collected strains for 1237 nodes
  ✓ Saved 1237 nodal strain values
[199/500] Processing Plate_277.odb...
  DEBUG: Available steps: ['Step-1']
  DEBUG: Using step: Step-1, frames: 2
  DEBUG: Available field outputs: ['E']
  DEBUG: Strain field has 13908 values
  DEBUG: Checking available positions...
  DEBUG: Total transformed field values: 13908
  DEBUG: INTEGRATION_POINT field has 0 values
  DEBUG: ELEMENT_NODAL field has 13908 values
  DEBUG: Processing 1 instances
  DEBUG: Instance 'PLATE-1' has 2318 elements
  DEBUG: Instance field has 13908 values
  DEBUG: Collected strains for 1237 nodes
  ✓ Saved 1237 nodal strain values
[200/500] Processing Plate_278.odb...
  DEBUG: Available steps: ['Step-1']
  DEBUG: Using step: Step-1, frames: 2
  DEBUG: Available field outputs: ['E']
  DEBUG: Strain field has 13908 values
  DEBUG: Checking available positions...
  DEBUG: Total transformed field values: 13908
  DEBUG: INTEGRATION_POINT field has 0 values
  DEBUG: ELEMENT_NODAL field has 13908 values
  DEBUG: Processing 1 instances
  DEBUG: Instance 'PLATE-1' has 2318 elements
  DEBUG: Instance field has 13908 values
  DEBUG: Collected strains for 1237 nodes
  ✓ Saved 1237 nodal strain values
[201/500] Processing Plate_279.odb...
  DEBUG: Available steps: ['Step-1']
  DEBUG: Using step: Step-1, frames: 2
  DEBUG: Available field outputs: ['E']
  DEBUG: Strain field has 13908 values
  DEBUG: Checking available positions...
  DEBUG: Total transformed field values: 13908
  DEBUG: INTEGRATION_POINT field has 0 values
  DEBUG: ELEMENT_NODAL field has 13908 values
  DEBUG: Processing 1 instances
  DEBUG: Instance 'PLATE-1' has 2318 elements
  DEBUG: Instance field has 13908 values
  DEBUG: Collected strains for 1237 nodes
  ✓ Saved 1237 nodal strain values
[202/500] Processing Plate_28.odb...
  DEBUG: Available steps: ['Step-1']
  DEBUG: Using step: Step-1, frames: 2
  DEBUG: Available field outputs: ['E']
  DEBUG: Strain field has 13992 values
  DEBUG: Checking available positions...
  DEBUG: Total transformed field values: 13992
  DEBUG: INTEGRATION_POINT field has 0 values
  DEBUG: ELEMENT_NODAL field has 13992 values
  DEBUG: Processing 1 instances
  DEBUG: Instance 'PLATE-1' has 2332 elements
  DEBUG: Instance field has 13992 values
  DEBUG: Collected strains for 1240 nodes
  ✓ Saved 1240 nodal strain values
[203/500] Processing Plate_280.odb...
  DEBUG: Available steps: ['Step-1']
  DEBUG: Using step: Step-1, frames: 2
  DEBUG: Available field outputs: ['E']
  DEBUG: Strain field has 13452 values
  DEBUG: Checking available positions...
  DEBUG: Total transformed field values: 13452
  DEBUG: INTEGRATION_POINT field has 0 values
  DEBUG: ELEMENT_NODAL field has 13452 values
  DEBUG: Processing 1 instances
  DEBUG: Instance 'PLATE-1' has 2242 elements
  DEBUG: Instance field has 13452 values
  DEBUG: Collected strains for 1198 nodes
  ✓ Saved 1198 nodal strain values
[204/500] Processing Plate_281.odb...
  DEBUG: Available steps: ['Step-1']
  DEBUG: Using step: Step-1, frames: 2
  DEBUG: Available field outputs: ['E']
  DEBUG: Strain field has 13452 values
  DEBUG: Checking available positions...
  DEBUG: Total transformed field values: 13452
  DEBUG: INTEGRATION_POINT field has 0 values
  DEBUG: ELEMENT_NODAL field has 13452 values
  DEBUG: Processing 1 instances
  DEBUG: Instance 'PLATE-1' has 2242 elements
  DEBUG: Instance field has 13452 values
  DEBUG: Collected strains for 1198 nodes
  ✓ Saved 1198 nodal strain values
[205/500] Processing Plate_282.odb...
  DEBUG: Available steps: ['Step-1']
  DEBUG: Using step: Step-1, frames: 2
  DEBUG: Available field outputs: ['E']
  DEBUG: Strain field has 13452 values
  DEBUG: Checking available positions...
  DEBUG: Total transformed field values: 13452
  DEBUG: INTEGRATION_POINT field has 0 values
  DEBUG: ELEMENT_NODAL field has 13452 values
  DEBUG: Processing 1 instances
  DEBUG: Instance 'PLATE-1' has 2242 elements
  DEBUG: Instance field has 13452 values
  DEBUG: Collected strains for 1198 nodes
  ✓ Saved 1198 nodal strain values
[206/500] Processing Plate_283.odb...
  DEBUG: Available steps: ['Step-1']
  DEBUG: Using step: Step-1, frames: 2
  DEBUG: Available field outputs: ['E']
  DEBUG: Strain field has 13452 values
  DEBUG: Checking available positions...
  DEBUG: Total transformed field values: 13452
  DEBUG: INTEGRATION_POINT field has 0 values
  DEBUG: ELEMENT_NODAL field has 13452 values
  DEBUG: Processing 1 instances
  DEBUG: Instance 'PLATE-1' has 2242 elements
  DEBUG: Instance field has 13452 values
  DEBUG: Collected strains for 1198 nodes
  ✓ Saved 1198 nodal strain values
[207/500] Processing Plate_284.odb...
  DEBUG: Available steps: ['Step-1']
  DEBUG: Using step: Step-1, frames: 2
  DEBUG: Available field outputs: ['E']
  DEBUG: Strain field has 13452 values
  DEBUG: Checking available positions...
  DEBUG: Total transformed field values: 13452
  DEBUG: INTEGRATION_POINT field has 0 values
  DEBUG: ELEMENT_NODAL field has 13452 values
  DEBUG: Processing 1 instances
  DEBUG: Instance 'PLATE-1' has 2242 elements
  DEBUG: Instance field has 13452 values
  DEBUG: Collected strains for 1198 nodes
  ✓ Saved 1198 nodal strain values
[208/500] Processing Plate_285.odb...
  DEBUG: Available steps: ['Step-1']
  DEBUG: Using step: Step-1, frames: 2
  DEBUG: Available field outputs: ['E']
  DEBUG: Strain field has 13452 values
  DEBUG: Checking available positions...
  DEBUG: Total transformed field values: 13452
  DEBUG: INTEGRATION_POINT field has 0 values
  DEBUG: ELEMENT_NODAL field has 13452 values
  DEBUG: Processing 1 instances
  DEBUG: Instance 'PLATE-1' has 2242 elements
  DEBUG: Instance field has 13452 values
  DEBUG: Collected strains for 1198 nodes
  ✓ Saved 1198 nodal strain values
[209/500] Processing Plate_286.odb...
  DEBUG: Available steps: ['Step-1']
  DEBUG: Using step: Step-1, frames: 2
  DEBUG: Available field outputs: ['E']
  DEBUG: Strain field has 13452 values
  DEBUG: Checking available positions...
  DEBUG: Total transformed field values: 13452
  DEBUG: INTEGRATION_POINT field has 0 values
  DEBUG: ELEMENT_NODAL field has 13452 values
  DEBUG: Processing 1 instances
  DEBUG: Instance 'PLATE-1' has 2242 elements
  DEBUG: Instance field has 13452 values
  DEBUG: Collected strains for 1198 nodes
  ✓ Saved 1198 nodal strain values
[210/500] Processing Plate_287.odb...
  DEBUG: Available steps: ['Step-1']
  DEBUG: Using step: Step-1, frames: 2
  DEBUG: Available field outputs: ['E']
  DEBUG: Strain field has 13452 values
  DEBUG: Checking available positions...
  DEBUG: Total transformed field values: 13452
  DEBUG: INTEGRATION_POINT field has 0 values
  DEBUG: ELEMENT_NODAL field has 13452 values
  DEBUG: Processing 1 instances
  DEBUG: Instance 'PLATE-1' has 2242 elements
  DEBUG: Instance field has 13452 values
  DEBUG: Collected strains for 1198 nodes
  ✓ Saved 1198 nodal strain values
[211/500] Processing Plate_288.odb...
  DEBUG: Available steps: ['Step-1']
  DEBUG: Using step: Step-1, frames: 2
  DEBUG: Available field outputs: ['E']
  DEBUG: Strain field has 13452 values
  DEBUG: Checking available positions...
  DEBUG: Total transformed field values: 13452
  DEBUG: INTEGRATION_POINT field has 0 values
  DEBUG: ELEMENT_NODAL field has 13452 values
  DEBUG: Processing 1 instances
  DEBUG: Instance 'PLATE-1' has 2242 elements
  DEBUG: Instance field has 13452 values
  DEBUG: Collected strains for 1198 nodes
  ✓ Saved 1198 nodal strain values
[212/500] Processing Plate_289.odb...
  DEBUG: Available steps: ['Step-1']
  DEBUG: Using step: Step-1, frames: 2
  DEBUG: Available field outputs: ['E']
  DEBUG: Strain field has 13452 values
  DEBUG: Checking available positions...
  DEBUG: Total transformed field values: 13452
  DEBUG: INTEGRATION_POINT field has 0 values
  DEBUG: ELEMENT_NODAL field has 13452 values
  DEBUG: Processing 1 instances
  DEBUG: Instance 'PLATE-1' has 2242 elements
  DEBUG: Instance field has 13452 values
  DEBUG: Collected strains for 1198 nodes
  ✓ Saved 1198 nodal strain values
[213/500] Processing Plate_29.odb...
  DEBUG: Available steps: ['Step-1']
  DEBUG: Using step: Step-1, frames: 2
  DEBUG: Available field outputs: ['E']
  DEBUG: Strain field has 13992 values
  DEBUG: Checking available positions...
  DEBUG: Total transformed field values: 13992
  DEBUG: INTEGRATION_POINT field has 0 values
  DEBUG: ELEMENT_NODAL field has 13992 values
  DEBUG: Processing 1 instances
  DEBUG: Instance 'PLATE-1' has 2332 elements
  DEBUG: Instance field has 13992 values
  DEBUG: Collected strains for 1240 nodes
  ✓ Saved 1240 nodal strain values
[214/500] Processing Plate_290.odb...
  DEBUG: Available steps: ['Step-1']
  DEBUG: Using step: Step-1, frames: 2
  DEBUG: Available field outputs: ['E']
  DEBUG: Strain field has 13452 values
  DEBUG: Checking available positions...
  DEBUG: Total transformed field values: 13452
  DEBUG: INTEGRATION_POINT field has 0 values
  DEBUG: ELEMENT_NODAL field has 13452 values
  DEBUG: Processing 1 instances
  DEBUG: Instance 'PLATE-1' has 2242 elements
  DEBUG: Instance field has 13452 values
  DEBUG: Collected strains for 1198 nodes
  ✓ Saved 1198 nodal strain values
[215/500] Processing Plate_291.odb...
  DEBUG: Available steps: ['Step-1']
  DEBUG: Using step: Step-1, frames: 2
  DEBUG: Available field outputs: ['E']
  DEBUG: Strain field has 13452 values
  DEBUG: Checking available positions...
  DEBUG: Total transformed field values: 13452
  DEBUG: INTEGRATION_POINT field has 0 values
  DEBUG: ELEMENT_NODAL field has 13452 values
  DEBUG: Processing 1 instances
  DEBUG: Instance 'PLATE-1' has 2242 elements
  DEBUG: Instance field has 13452 values
  DEBUG: Collected strains for 1198 nodes
  ✓ Saved 1198 nodal strain values
[216/500] Processing Plate_292.odb...
  DEBUG: Available steps: ['Step-1']
  DEBUG: Using step: Step-1, frames: 2
  DEBUG: Available field outputs: ['E']
  DEBUG: Strain field has 13452 values
  DEBUG: Checking available positions...
  DEBUG: Total transformed field values: 13452
  DEBUG: INTEGRATION_POINT field has 0 values
  DEBUG: ELEMENT_NODAL field has 13452 values
  DEBUG: Processing 1 instances
  DEBUG: Instance 'PLATE-1' has 2242 elements
  DEBUG: Instance field has 13452 values
  DEBUG: Collected strains for 1198 nodes
  ✓ Saved 1198 nodal strain values
[217/500] Processing Plate_293.odb...
  DEBUG: Available steps: ['Step-1']
  DEBUG: Using step: Step-1, frames: 2
  DEBUG: Available field outputs: ['E']
  DEBUG: Strain field has 13452 values
  DEBUG: Checking available positions...
  DEBUG: Total transformed field values: 13452
  DEBUG: INTEGRATION_POINT field has 0 values
  DEBUG: ELEMENT_NODAL field has 13452 values
  DEBUG: Processing 1 instances
  DEBUG: Instance 'PLATE-1' has 2242 elements
  DEBUG: Instance field has 13452 values
  DEBUG: Collected strains for 1198 nodes
  ✓ Saved 1198 nodal strain values
[218/500] Processing Plate_294.odb...
  DEBUG: Available steps: ['Step-1']
  DEBUG: Using step: Step-1, frames: 2
  DEBUG: Available field outputs: ['E']
  DEBUG: Strain field has 13452 values
  DEBUG: Checking available positions...
  DEBUG: Total transformed field values: 13452
  DEBUG: INTEGRATION_POINT field has 0 values
  DEBUG: ELEMENT_NODAL field has 13452 values
  DEBUG: Processing 1 instances
  DEBUG: Instance 'PLATE-1' has 2242 elements
  DEBUG: Instance field has 13452 values
  DEBUG: Collected strains for 1198 nodes
  ✓ Saved 1198 nodal strain values
[219/500] Processing Plate_295.odb...
  DEBUG: Available steps: ['Step-1']
  DEBUG: Using step: Step-1, frames: 2
  DEBUG: Available field outputs: ['E']
  DEBUG: Strain field has 13452 values
  DEBUG: Checking available positions...
  DEBUG: Total transformed field values: 13452
  DEBUG: INTEGRATION_POINT field has 0 values
  DEBUG: ELEMENT_NODAL field has 13452 values
  DEBUG: Processing 1 instances
  DEBUG: Instance 'PLATE-1' has 2242 elements
  DEBUG: Instance field has 13452 values
  DEBUG: Collected strains for 1198 nodes
  ✓ Saved 1198 nodal strain values
[220/500] Processing Plate_296.odb...
  DEBUG: Available steps: ['Step-1']
  DEBUG: Using step: Step-1, frames: 2
  DEBUG: Available field outputs: ['E']
  DEBUG: Strain field has 13452 values
  DEBUG: Checking available positions...
  DEBUG: Total transformed field values: 13452
  DEBUG: INTEGRATION_POINT field has 0 values
  DEBUG: ELEMENT_NODAL field has 13452 values
  DEBUG: Processing 1 instances
  DEBUG: Instance 'PLATE-1' has 2242 elements
  DEBUG: Instance field has 13452 values
  DEBUG: Collected strains for 1198 nodes
  ✓ Saved 1198 nodal strain values
[221/500] Processing Plate_297.odb...
  DEBUG: Available steps: ['Step-1']
  DEBUG: Using step: Step-1, frames: 2
  DEBUG: Available field outputs: ['E']
  DEBUG: Strain field has 13452 values
  DEBUG: Checking available positions...
  DEBUG: Total transformed field values: 13452
  DEBUG: INTEGRATION_POINT field has 0 values
  DEBUG: ELEMENT_NODAL field has 13452 values
  DEBUG: Processing 1 instances
  DEBUG: Instance 'PLATE-1' has 2242 elements
  DEBUG: Instance field has 13452 values
  DEBUG: Collected strains for 1198 nodes
  ✓ Saved 1198 nodal strain values
[222/500] Processing Plate_298.odb...
  DEBUG: Available steps: ['Step-1']
  DEBUG: Using step: Step-1, frames: 2
  DEBUG: Available field outputs: ['E']
  DEBUG: Strain field has 13452 values
  DEBUG: Checking available positions...
  DEBUG: Total transformed field values: 13452
  DEBUG: INTEGRATION_POINT field has 0 values
  DEBUG: ELEMENT_NODAL field has 13452 values
  DEBUG: Processing 1 instances
  DEBUG: Instance 'PLATE-1' has 2242 elements
  DEBUG: Instance field has 13452 values
  DEBUG: Collected strains for 1198 nodes
  ✓ Saved 1198 nodal strain values
[223/500] Processing Plate_299.odb...
  DEBUG: Available steps: ['Step-1']
  DEBUG: Using step: Step-1, frames: 2
  DEBUG: Available field outputs: ['E']
  DEBUG: Strain field has 13452 values
  DEBUG: Checking available positions...
  DEBUG: Total transformed field values: 13452
  DEBUG: INTEGRATION_POINT field has 0 values
  DEBUG: ELEMENT_NODAL field has 13452 values
  DEBUG: Processing 1 instances
  DEBUG: Instance 'PLATE-1' has 2242 elements
  DEBUG: Instance field has 13452 values
  DEBUG: Collected strains for 1198 nodes
  ✓ Saved 1198 nodal strain values
[224/500] Processing Plate_3.odb...
  DEBUG: Available steps: ['Step-1']
  DEBUG: Using step: Step-1, frames: 2
  DEBUG: Available field outputs: ['E']
  DEBUG: Strain field has 13716 values
  DEBUG: Checking available positions...
  DEBUG: Total transformed field values: 13716
  DEBUG: INTEGRATION_POINT field has 0 values
  DEBUG: ELEMENT_NODAL field has 13716 values
  DEBUG: Processing 1 instances
  DEBUG: Instance 'PLATE-1' has 2286 elements
  DEBUG: Instance field has 13716 values
  DEBUG: Collected strains for 1219 nodes
  ✓ Saved 1219 nodal strain values
[225/500] Processing Plate_30.odb...
  DEBUG: Available steps: ['Step-1']
  DEBUG: Using step: Step-1, frames: 2
  DEBUG: Available field outputs: ['E']
  DEBUG: Strain field has 13992 values
  DEBUG: Checking available positions...
  DEBUG: Total transformed field values: 13992
  DEBUG: INTEGRATION_POINT field has 0 values
  DEBUG: ELEMENT_NODAL field has 13992 values
  DEBUG: Processing 1 instances
  DEBUG: Instance 'PLATE-1' has 2332 elements
  DEBUG: Instance field has 13992 values
  DEBUG: Collected strains for 1240 nodes
  ✓ Saved 1240 nodal strain values
[226/500] Processing Plate_300.odb...
  DEBUG: Available steps: ['Step-1']
  DEBUG: Using step: Step-1, frames: 2
  DEBUG: Available field outputs: ['E']
  DEBUG: Strain field has 13800 values
  DEBUG: Checking available positions...
  DEBUG: Total transformed field values: 13800
  DEBUG: INTEGRATION_POINT field has 0 values
  DEBUG: ELEMENT_NODAL field has 13800 values
  DEBUG: Processing 1 instances
  DEBUG: Instance 'PLATE-1' has 2300 elements
  DEBUG: Instance field has 13800 values
  DEBUG: Collected strains for 1225 nodes
  ✓ Saved 1225 nodal strain values
[227/500] Processing Plate_301.odb...
  DEBUG: Available steps: ['Step-1']
  DEBUG: Using step: Step-1, frames: 2
  DEBUG: Available field outputs: ['E']
  DEBUG: Strain field has 13800 values
  DEBUG: Checking available positions...
  DEBUG: Total transformed field values: 13800
  DEBUG: INTEGRATION_POINT field has 0 values
  DEBUG: ELEMENT_NODAL field has 13800 values
  DEBUG: Processing 1 instances
  DEBUG: Instance 'PLATE-1' has 2300 elements
  DEBUG: Instance field has 13800 values
  DEBUG: Collected strains for 1225 nodes
  ✓ Saved 1225 nodal strain values
[228/500] Processing Plate_302.odb...
  DEBUG: Available steps: ['Step-1']
  DEBUG: Using step: Step-1, frames: 2
  DEBUG: Available field outputs: ['E']
  DEBUG: Strain field has 13800 values
  DEBUG: Checking available positions...
  DEBUG: Total transformed field values: 13800
  DEBUG: INTEGRATION_POINT field has 0 values
  DEBUG: ELEMENT_NODAL field has 13800 values
  DEBUG: Processing 1 instances
  DEBUG: Instance 'PLATE-1' has 2300 elements
  DEBUG: Instance field has 13800 values
  DEBUG: Collected strains for 1225 nodes
  ✓ Saved 1225 nodal strain values
[229/500] Processing Plate_303.odb...
  DEBUG: Available steps: ['Step-1']
  DEBUG: Using step: Step-1, frames: 2
  DEBUG: Available field outputs: ['E']
  DEBUG: Strain field has 13800 values
  DEBUG: Checking available positions...
  DEBUG: Total transformed field values: 13800
  DEBUG: INTEGRATION_POINT field has 0 values
  DEBUG: ELEMENT_NODAL field has 13800 values
  DEBUG: Processing 1 instances
  DEBUG: Instance 'PLATE-1' has 2300 elements
  DEBUG: Instance field has 13800 values
  DEBUG: Collected strains for 1225 nodes
  ✓ Saved 1225 nodal strain values
[230/500] Processing Plate_304.odb...
  DEBUG: Available steps: ['Step-1']
  DEBUG: Using step: Step-1, frames: 2
  DEBUG: Available field outputs: ['E']
  DEBUG: Strain field has 13800 values
  DEBUG: Checking available positions...
  DEBUG: Total transformed field values: 13800
  DEBUG: INTEGRATION_POINT field has 0 values
  DEBUG: ELEMENT_NODAL field has 13800 values
  DEBUG: Processing 1 instances
  DEBUG: Instance 'PLATE-1' has 2300 elements
  DEBUG: Instance field has 13800 values
  DEBUG: Collected strains for 1225 nodes
  ✓ Saved 1225 nodal strain values
[231/500] Processing Plate_305.odb...
  DEBUG: Available steps: ['Step-1']
  DEBUG: Using step: Step-1, frames: 2
  DEBUG: Available field outputs: ['E']
  DEBUG: Strain field has 13800 values
  DEBUG: Checking available positions...
  DEBUG: Total transformed field values: 13800
  DEBUG: INTEGRATION_POINT field has 0 values
  DEBUG: ELEMENT_NODAL field has 13800 values
  DEBUG: Processing 1 instances
  DEBUG: Instance 'PLATE-1' has 2300 elements
  DEBUG: Instance field has 13800 values
  DEBUG: Collected strains for 1225 nodes
  ✓ Saved 1225 nodal strain values
[232/500] Processing Plate_306.odb...
  DEBUG: Available steps: ['Step-1']
  DEBUG: Using step: Step-1, frames: 2
  DEBUG: Available field outputs: ['E']
  DEBUG: Strain field has 13800 values
  DEBUG: Checking available positions...
  DEBUG: Total transformed field values: 13800
  DEBUG: INTEGRATION_POINT field has 0 values
  DEBUG: ELEMENT_NODAL field has 13800 values
  DEBUG: Processing 1 instances
  DEBUG: Instance 'PLATE-1' has 2300 elements
  DEBUG: Instance field has 13800 values
  DEBUG: Collected strains for 1225 nodes
  ✓ Saved 1225 nodal strain values
[233/500] Processing Plate_307.odb...
  DEBUG: Available steps: ['Step-1']
  DEBUG: Using step: Step-1, frames: 2
  DEBUG: Available field outputs: ['E']
  DEBUG: Strain field has 13800 values
  DEBUG: Checking available positions...
  DEBUG: Total transformed field values: 13800
  DEBUG: INTEGRATION_POINT field has 0 values
  DEBUG: ELEMENT_NODAL field has 13800 values
  DEBUG: Processing 1 instances
  DEBUG: Instance 'PLATE-1' has 2300 elements
  DEBUG: Instance field has 13800 values
  DEBUG: Collected strains for 1225 nodes
  ✓ Saved 1225 nodal strain values
[234/500] Processing Plate_308.odb...
  DEBUG: Available steps: ['Step-1']
  DEBUG: Using step: Step-1, frames: 2
  DEBUG: Available field outputs: ['E']
  DEBUG: Strain field has 13800 values
  DEBUG: Checking available positions...
  DEBUG: Total transformed field values: 13800
  DEBUG: INTEGRATION_POINT field has 0 values
  DEBUG: ELEMENT_NODAL field has 13800 values
  DEBUG: Processing 1 instances
  DEBUG: Instance 'PLATE-1' has 2300 elements
  DEBUG: Instance field has 13800 values
  DEBUG: Collected strains for 1225 nodes
  ✓ Saved 1225 nodal strain values
[235/500] Processing Plate_309.odb...
  DEBUG: Available steps: ['Step-1']
  DEBUG: Using step: Step-1, frames: 2
  DEBUG: Available field outputs: ['E']
  DEBUG: Strain field has 13800 values
  DEBUG: Checking available positions...
  DEBUG: Total transformed field values: 13800
  DEBUG: INTEGRATION_POINT field has 0 values
  DEBUG: ELEMENT_NODAL field has 13800 values
  DEBUG: Processing 1 instances
  DEBUG: Instance 'PLATE-1' has 2300 elements
  DEBUG: Instance field has 13800 values
  DEBUG: Collected strains for 1225 nodes
  ✓ Saved 1225 nodal strain values
[236/500] Processing Plate_31.odb...
  DEBUG: Available steps: ['Step-1']
  DEBUG: Using step: Step-1, frames: 2
  DEBUG: Available field outputs: ['E']
  DEBUG: Strain field has 13992 values
  DEBUG: Checking available positions...
  DEBUG: Total transformed field values: 13992
  DEBUG: INTEGRATION_POINT field has 0 values
  DEBUG: ELEMENT_NODAL field has 13992 values
  DEBUG: Processing 1 instances
  DEBUG: Instance 'PLATE-1' has 2332 elements
  DEBUG: Instance field has 13992 values
  DEBUG: Collected strains for 1240 nodes
  ✓ Saved 1240 nodal strain values
[237/500] Processing Plate_310.odb...
  DEBUG: Available steps: ['Step-1']
  DEBUG: Using step: Step-1, frames: 2
  DEBUG: Available field outputs: ['E']
  DEBUG: Strain field has 13800 values
  DEBUG: Checking available positions...
  DEBUG: Total transformed field values: 13800
  DEBUG: INTEGRATION_POINT field has 0 values
  DEBUG: ELEMENT_NODAL field has 13800 values
  DEBUG: Processing 1 instances
  DEBUG: Instance 'PLATE-1' has 2300 elements
  DEBUG: Instance field has 13800 values
  DEBUG: Collected strains for 1225 nodes
  ✓ Saved 1225 nodal strain values
[238/500] Processing Plate_311.odb...
  DEBUG: Available steps: ['Step-1']
  DEBUG: Using step: Step-1, frames: 2
  DEBUG: Available field outputs: ['E']
  DEBUG: Strain field has 13800 values
  DEBUG: Checking available positions...
  DEBUG: Total transformed field values: 13800
  DEBUG: INTEGRATION_POINT field has 0 values
  DEBUG: ELEMENT_NODAL field has 13800 values
  DEBUG: Processing 1 instances
  DEBUG: Instance 'PLATE-1' has 2300 elements
  DEBUG: Instance field has 13800 values
  DEBUG: Collected strains for 1225 nodes
  ✓ Saved 1225 nodal strain values
[239/500] Processing Plate_312.odb...
  DEBUG: Available steps: ['Step-1']
  DEBUG: Using step: Step-1, frames: 2
  DEBUG: Available field outputs: ['E']
  DEBUG: Strain field has 13800 values
  DEBUG: Checking available positions...
  DEBUG: Total transformed field values: 13800
  DEBUG: INTEGRATION_POINT field has 0 values
  DEBUG: ELEMENT_NODAL field has 13800 values
  DEBUG: Processing 1 instances
  DEBUG: Instance 'PLATE-1' has 2300 elements
  DEBUG: Instance field has 13800 values
  DEBUG: Collected strains for 1225 nodes
  ✓ Saved 1225 nodal strain values
[240/500] Processing Plate_313.odb...
  DEBUG: Available steps: ['Step-1']
  DEBUG: Using step: Step-1, frames: 2
  DEBUG: Available field outputs: ['E']
  DEBUG: Strain field has 13800 values
  DEBUG: Checking available positions...
  DEBUG: Total transformed field values: 13800
  DEBUG: INTEGRATION_POINT field has 0 values
  DEBUG: ELEMENT_NODAL field has 13800 values
  DEBUG: Processing 1 instances
  DEBUG: Instance 'PLATE-1' has 2300 elements
  DEBUG: Instance field has 13800 values
  DEBUG: Collected strains for 1225 nodes
  ✓ Saved 1225 nodal strain values
[241/500] Processing Plate_314.odb...
  DEBUG: Available steps: ['Step-1']
  DEBUG: Using step: Step-1, frames: 2
  DEBUG: Available field outputs: ['E']
  DEBUG: Strain field has 13800 values
  DEBUG: Checking available positions...
  DEBUG: Total transformed field values: 13800
  DEBUG: INTEGRATION_POINT field has 0 values
  DEBUG: ELEMENT_NODAL field has 13800 values
  DEBUG: Processing 1 instances
  DEBUG: Instance 'PLATE-1' has 2300 elements
  DEBUG: Instance field has 13800 values
  DEBUG: Collected strains for 1225 nodes
  ✓ Saved 1225 nodal strain values
[242/500] Processing Plate_315.odb...
  DEBUG: Available steps: ['Step-1']
  DEBUG: Using step: Step-1, frames: 2
  DEBUG: Available field outputs: ['E']
  DEBUG: Strain field has 13800 values
  DEBUG: Checking available positions...
  DEBUG: Total transformed field values: 13800
  DEBUG: INTEGRATION_POINT field has 0 values
  DEBUG: ELEMENT_NODAL field has 13800 values
  DEBUG: Processing 1 instances
  DEBUG: Instance 'PLATE-1' has 2300 elements
  DEBUG: Instance field has 13800 values
  DEBUG: Collected strains for 1225 nodes
  ✓ Saved 1225 nodal strain values
[243/500] Processing Plate_316.odb...
  DEBUG: Available steps: ['Step-1']
  DEBUG: Using step: Step-1, frames: 2
  DEBUG: Available field outputs: ['E']
  DEBUG: Strain field has 13800 values
  DEBUG: Checking available positions...
  DEBUG: Total transformed field values: 13800
  DEBUG: INTEGRATION_POINT field has 0 values
  DEBUG: ELEMENT_NODAL field has 13800 values
  DEBUG: Processing 1 instances
  DEBUG: Instance 'PLATE-1' has 2300 elements
  DEBUG: Instance field has 13800 values
  DEBUG: Collected strains for 1225 nodes
  ✓ Saved 1225 nodal strain values
[244/500] Processing Plate_317.odb...
  DEBUG: Available steps: ['Step-1']
  DEBUG: Using step: Step-1, frames: 2
  DEBUG: Available field outputs: ['E']
  DEBUG: Strain field has 13800 values
  DEBUG: Checking available positions...
  DEBUG: Total transformed field values: 13800
  DEBUG: INTEGRATION_POINT field has 0 values
  DEBUG: ELEMENT_NODAL field has 13800 values
  DEBUG: Processing 1 instances
  DEBUG: Instance 'PLATE-1' has 2300 elements
  DEBUG: Instance field has 13800 values
  DEBUG: Collected strains for 1225 nodes
  ✓ Saved 1225 nodal strain values
[245/500] Processing Plate_318.odb...
  DEBUG: Available steps: ['Step-1']
  DEBUG: Using step: Step-1, frames: 2
  DEBUG: Available field outputs: ['E']
  DEBUG: Strain field has 13800 values
  DEBUG: Checking available positions...
  DEBUG: Total transformed field values: 13800
  DEBUG: INTEGRATION_POINT field has 0 values
  DEBUG: ELEMENT_NODAL field has 13800 values
  DEBUG: Processing 1 instances
  DEBUG: Instance 'PLATE-1' has 2300 elements
  DEBUG: Instance field has 13800 values
  DEBUG: Collected strains for 1225 nodes
  ✓ Saved 1225 nodal strain values
[246/500] Processing Plate_319.odb...
  DEBUG: Available steps: ['Step-1']
  DEBUG: Using step: Step-1, frames: 2
  DEBUG: Available field outputs: ['E']
  DEBUG: Strain field has 13800 values
  DEBUG: Checking available positions...
  DEBUG: Total transformed field values: 13800
  DEBUG: INTEGRATION_POINT field has 0 values
  DEBUG: ELEMENT_NODAL field has 13800 values
  DEBUG: Processing 1 instances
  DEBUG: Instance 'PLATE-1' has 2300 elements
  DEBUG: Instance field has 13800 values
  DEBUG: Collected strains for 1225 nodes
  ✓ Saved 1225 nodal strain values
[247/500] Processing Plate_32.odb...
  DEBUG: Available steps: ['Step-1']
  DEBUG: Using step: Step-1, frames: 2
  DEBUG: Available field outputs: ['E']
  DEBUG: Strain field has 13992 values
  DEBUG: Checking available positions...
  DEBUG: Total transformed field values: 13992
  DEBUG: INTEGRATION_POINT field has 0 values
  DEBUG: ELEMENT_NODAL field has 13992 values
  DEBUG: Processing 1 instances
  DEBUG: Instance 'PLATE-1' has 2332 elements
  DEBUG: Instance field has 13992 values
  DEBUG: Collected strains for 1240 nodes
  ✓ Saved 1240 nodal strain values
[248/500] Processing Plate_320.odb...
  DEBUG: Available steps: ['Step-1']
  DEBUG: Using step: Step-1, frames: 2
  DEBUG: Available field outputs: ['E']
  DEBUG: Strain field has 13356 values
  DEBUG: Checking available positions...
  DEBUG: Total transformed field values: 13356
  DEBUG: INTEGRATION_POINT field has 0 values
  DEBUG: ELEMENT_NODAL field has 13356 values
  DEBUG: Processing 1 instances
  DEBUG: Instance 'PLATE-1' has 2226 elements
  DEBUG: Instance field has 13356 values
  DEBUG: Collected strains for 1194 nodes
  ✓ Saved 1194 nodal strain values
[249/500] Processing Plate_321.odb...
  DEBUG: Available steps: ['Step-1']
  DEBUG: Using step: Step-1, frames: 2
  DEBUG: Available field outputs: ['E']
  DEBUG: Strain field has 13356 values
  DEBUG: Checking available positions...
  DEBUG: Total transformed field values: 13356
  DEBUG: INTEGRATION_POINT field has 0 values
  DEBUG: ELEMENT_NODAL field has 13356 values
  DEBUG: Processing 1 instances
  DEBUG: Instance 'PLATE-1' has 2226 elements
  DEBUG: Instance field has 13356 values
  DEBUG: Collected strains for 1194 nodes
  ✓ Saved 1194 nodal strain values
[250/500] Processing Plate_322.odb...
  DEBUG: Available steps: ['Step-1']
  DEBUG: Using step: Step-1, frames: 2
  DEBUG: Available field outputs: ['E']
  DEBUG: Strain field has 13356 values
  DEBUG: Checking available positions...
  DEBUG: Total transformed field values: 13356
  DEBUG: INTEGRATION_POINT field has 0 values
  DEBUG: ELEMENT_NODAL field has 13356 values
  DEBUG: Processing 1 instances
  DEBUG: Instance 'PLATE-1' has 2226 elements
  DEBUG: Instance field has 13356 values
  DEBUG: Collected strains for 1194 nodes
  ✓ Saved 1194 nodal strain values
[251/500] Processing Plate_323.odb...
  DEBUG: Available steps: ['Step-1']
  DEBUG: Using step: Step-1, frames: 2
  DEBUG: Available field outputs: ['E']
  DEBUG: Strain field has 13356 values
  DEBUG: Checking available positions...
  DEBUG: Total transformed field values: 13356
  DEBUG: INTEGRATION_POINT field has 0 values
  DEBUG: ELEMENT_NODAL field has 13356 values
  DEBUG: Processing 1 instances
  DEBUG: Instance 'PLATE-1' has 2226 elements
  DEBUG: Instance field has 13356 values
  DEBUG: Collected strains for 1194 nodes
  ✓ Saved 1194 nodal strain values
[252/500] Processing Plate_324.odb...
  DEBUG: Available steps: ['Step-1']
  DEBUG: Using step: Step-1, frames: 2
  DEBUG: Available field outputs: ['E']
  DEBUG: Strain field has 13356 values
  DEBUG: Checking available positions...
  DEBUG: Total transformed field values: 13356
  DEBUG: INTEGRATION_POINT field has 0 values
  DEBUG: ELEMENT_NODAL field has 13356 values
  DEBUG: Processing 1 instances
  DEBUG: Instance 'PLATE-1' has 2226 elements
  DEBUG: Instance field has 13356 values
  DEBUG: Collected strains for 1194 nodes
  ✓ Saved 1194 nodal strain values
[253/500] Processing Plate_325.odb...
  DEBUG: Available steps: ['Step-1']
  DEBUG: Using step: Step-1, frames: 2
  DEBUG: Available field outputs: ['E']
  DEBUG: Strain field has 13356 values
  DEBUG: Checking available positions...
  DEBUG: Total transformed field values: 13356
  DEBUG: INTEGRATION_POINT field has 0 values
  DEBUG: ELEMENT_NODAL field has 13356 values
  DEBUG: Processing 1 instances
  DEBUG: Instance 'PLATE-1' has 2226 elements
  DEBUG: Instance field has 13356 values
  DEBUG: Collected strains for 1194 nodes
  ✓ Saved 1194 nodal strain values
[254/500] Processing Plate_326.odb...
  DEBUG: Available steps: ['Step-1']
  DEBUG: Using step: Step-1, frames: 2
  DEBUG: Available field outputs: ['E']
  DEBUG: Strain field has 13356 values
  DEBUG: Checking available positions...
  DEBUG: Total transformed field values: 13356
  DEBUG: INTEGRATION_POINT field has 0 values
  DEBUG: ELEMENT_NODAL field has 13356 values
  DEBUG: Processing 1 instances
  DEBUG: Instance 'PLATE-1' has 2226 elements
  DEBUG: Instance field has 13356 values
  DEBUG: Collected strains for 1194 nodes
  ✓ Saved 1194 nodal strain values
[255/500] Processing Plate_327.odb...
  DEBUG: Available steps: ['Step-1']
  DEBUG: Using step: Step-1, frames: 2
  DEBUG: Available field outputs: ['E']
  DEBUG: Strain field has 13356 values
  DEBUG: Checking available positions...
  DEBUG: Total transformed field values: 13356
  DEBUG: INTEGRATION_POINT field has 0 values
  DEBUG: ELEMENT_NODAL field has 13356 values
  DEBUG: Processing 1 instances
  DEBUG: Instance 'PLATE-1' has 2226 elements
  DEBUG: Instance field has 13356 values
  DEBUG: Collected strains for 1194 nodes
  ✓ Saved 1194 nodal strain values
[256/500] Processing Plate_328.odb...
  DEBUG: Available steps: ['Step-1']
  DEBUG: Using step: Step-1, frames: 2
  DEBUG: Available field outputs: ['E']
  DEBUG: Strain field has 13356 values
  DEBUG: Checking available positions...
  DEBUG: Total transformed field values: 13356
  DEBUG: INTEGRATION_POINT field has 0 values
  DEBUG: ELEMENT_NODAL field has 13356 values
  DEBUG: Processing 1 instances
  DEBUG: Instance 'PLATE-1' has 2226 elements
  DEBUG: Instance field has 13356 values
  DEBUG: Collected strains for 1194 nodes
  ✓ Saved 1194 nodal strain values
[257/500] Processing Plate_329.odb...
  DEBUG: Available steps: ['Step-1']
  DEBUG: Using step: Step-1, frames: 2
  DEBUG: Available field outputs: ['E']
  DEBUG: Strain field has 13356 values
  DEBUG: Checking available positions...
  DEBUG: Total transformed field values: 13356
  DEBUG: INTEGRATION_POINT field has 0 values
  DEBUG: ELEMENT_NODAL field has 13356 values
  DEBUG: Processing 1 instances
  DEBUG: Instance 'PLATE-1' has 2226 elements
  DEBUG: Instance field has 13356 values
  DEBUG: Collected strains for 1194 nodes
  ✓ Saved 1194 nodal strain values
[258/500] Processing Plate_33.odb...
  DEBUG: Available steps: ['Step-1']
  DEBUG: Using step: Step-1, frames: 2
  DEBUG: Available field outputs: ['E']
  DEBUG: Strain field has 13992 values
  DEBUG: Checking available positions...
  DEBUG: Total transformed field values: 13992
  DEBUG: INTEGRATION_POINT field has 0 values
  DEBUG: ELEMENT_NODAL field has 13992 values
  DEBUG: Processing 1 instances
  DEBUG: Instance 'PLATE-1' has 2332 elements
  DEBUG: Instance field has 13992 values
  DEBUG: Collected strains for 1240 nodes
  ✓ Saved 1240 nodal strain values
[259/500] Processing Plate_330.odb...
  DEBUG: Available steps: ['Step-1']
  DEBUG: Using step: Step-1, frames: 2
  DEBUG: Available field outputs: ['E']
  DEBUG: Strain field has 13356 values
  DEBUG: Checking available positions...
  DEBUG: Total transformed field values: 13356
  DEBUG: INTEGRATION_POINT field has 0 values
  DEBUG: ELEMENT_NODAL field has 13356 values
  DEBUG: Processing 1 instances
  DEBUG: Instance 'PLATE-1' has 2226 elements
  DEBUG: Instance field has 13356 values
  DEBUG: Collected strains for 1194 nodes
  ✓ Saved 1194 nodal strain values
[260/500] Processing Plate_331.odb...
  DEBUG: Available steps: ['Step-1']
  DEBUG: Using step: Step-1, frames: 2
  DEBUG: Available field outputs: ['E']
  DEBUG: Strain field has 13356 values
  DEBUG: Checking available positions...
  DEBUG: Total transformed field values: 13356
  DEBUG: INTEGRATION_POINT field has 0 values
  DEBUG: ELEMENT_NODAL field has 13356 values
  DEBUG: Processing 1 instances
  DEBUG: Instance 'PLATE-1' has 2226 elements
  DEBUG: Instance field has 13356 values
  DEBUG: Collected strains for 1194 nodes
  ✓ Saved 1194 nodal strain values
[261/500] Processing Plate_332.odb...
  DEBUG: Available steps: ['Step-1']
  DEBUG: Using step: Step-1, frames: 2
  DEBUG: Available field outputs: ['E']
  DEBUG: Strain field has 13356 values
  DEBUG: Checking available positions...
  DEBUG: Total transformed field values: 13356
  DEBUG: INTEGRATION_POINT field has 0 values
  DEBUG: ELEMENT_NODAL field has 13356 values
  DEBUG: Processing 1 instances
  DEBUG: Instance 'PLATE-1' has 2226 elements
  DEBUG: Instance field has 13356 values
  DEBUG: Collected strains for 1194 nodes
  ✓ Saved 1194 nodal strain values
[262/500] Processing Plate_333.odb...
  DEBUG: Available steps: ['Step-1']
  DEBUG: Using step: Step-1, frames: 2
  DEBUG: Available field outputs: ['E']
  DEBUG: Strain field has 13356 values
  DEBUG: Checking available positions...
  DEBUG: Total transformed field values: 13356
  DEBUG: INTEGRATION_POINT field has 0 values
  DEBUG: ELEMENT_NODAL field has 13356 values
  DEBUG: Processing 1 instances
  DEBUG: Instance 'PLATE-1' has 2226 elements
  DEBUG: Instance field has 13356 values
  DEBUG: Collected strains for 1194 nodes
  ✓ Saved 1194 nodal strain values
[263/500] Processing Plate_334.odb...
  DEBUG: Available steps: ['Step-1']
  DEBUG: Using step: Step-1, frames: 2
  DEBUG: Available field outputs: ['E']
  DEBUG: Strain field has 13356 values
  DEBUG: Checking available positions...
  DEBUG: Total transformed field values: 13356
  DEBUG: INTEGRATION_POINT field has 0 values
  DEBUG: ELEMENT_NODAL field has 13356 values
  DEBUG: Processing 1 instances
  DEBUG: Instance 'PLATE-1' has 2226 elements
  DEBUG: Instance field has 13356 values
  DEBUG: Collected strains for 1194 nodes
  ✓ Saved 1194 nodal strain values
[264/500] Processing Plate_335.odb...
  DEBUG: Available steps: ['Step-1']
  DEBUG: Using step: Step-1, frames: 2
  DEBUG: Available field outputs: ['E']
  DEBUG: Strain field has 13356 values
  DEBUG: Checking available positions...
  DEBUG: Total transformed field values: 13356
  DEBUG: INTEGRATION_POINT field has 0 values
  DEBUG: ELEMENT_NODAL field has 13356 values
  DEBUG: Processing 1 instances
  DEBUG: Instance 'PLATE-1' has 2226 elements
  DEBUG: Instance field has 13356 values
  DEBUG: Collected strains for 1194 nodes
  ✓ Saved 1194 nodal strain values
[265/500] Processing Plate_336.odb...
  DEBUG: Available steps: ['Step-1']
  DEBUG: Using step: Step-1, frames: 2
  DEBUG: Available field outputs: ['E']
  DEBUG: Strain field has 13356 values
  DEBUG: Checking available positions...
  DEBUG: Total transformed field values: 13356
  DEBUG: INTEGRATION_POINT field has 0 values
  DEBUG: ELEMENT_NODAL field has 13356 values
  DEBUG: Processing 1 instances
  DEBUG: Instance 'PLATE-1' has 2226 elements
  DEBUG: Instance field has 13356 values
  DEBUG: Collected strains for 1194 nodes
  ✓ Saved 1194 nodal strain values
[266/500] Processing Plate_337.odb...
  DEBUG: Available steps: ['Step-1']
  DEBUG: Using step: Step-1, frames: 2
  DEBUG: Available field outputs: ['E']
  DEBUG: Strain field has 13356 values
  DEBUG: Checking available positions...
  DEBUG: Total transformed field values: 13356
  DEBUG: INTEGRATION_POINT field has 0 values
  DEBUG: ELEMENT_NODAL field has 13356 values
  DEBUG: Processing 1 instances
  DEBUG: Instance 'PLATE-1' has 2226 elements
  DEBUG: Instance field has 13356 values
  DEBUG: Collected strains for 1194 nodes
  ✓ Saved 1194 nodal strain values
[267/500] Processing Plate_338.odb...
  DEBUG: Available steps: ['Step-1']
  DEBUG: Using step: Step-1, frames: 2
  DEBUG: Available field outputs: ['E']
  DEBUG: Strain field has 13356 values
  DEBUG: Checking available positions...
  DEBUG: Total transformed field values: 13356
  DEBUG: INTEGRATION_POINT field has 0 values
  DEBUG: ELEMENT_NODAL field has 13356 values
  DEBUG: Processing 1 instances
  DEBUG: Instance 'PLATE-1' has 2226 elements
  DEBUG: Instance field has 13356 values
  DEBUG: Collected strains for 1194 nodes
  ✓ Saved 1194 nodal strain values
[268/500] Processing Plate_339.odb...
  DEBUG: Available steps: ['Step-1']
  DEBUG: Using step: Step-1, frames: 2
  DEBUG: Available field outputs: ['E']
  DEBUG: Strain field has 13356 values
  DEBUG: Checking available positions...
  DEBUG: Total transformed field values: 13356
  DEBUG: INTEGRATION_POINT field has 0 values
  DEBUG: ELEMENT_NODAL field has 13356 values
  DEBUG: Processing 1 instances
  DEBUG: Instance 'PLATE-1' has 2226 elements
  DEBUG: Instance field has 13356 values
  DEBUG: Collected strains for 1194 nodes
  ✓ Saved 1194 nodal strain values
[269/500] Processing Plate_34.odb...
  DEBUG: Available steps: ['Step-1']
  DEBUG: Using step: Step-1, frames: 2
  DEBUG: Available field outputs: ['E']
  DEBUG: Strain field has 13992 values
  DEBUG: Checking available positions...
  DEBUG: Total transformed field values: 13992
  DEBUG: INTEGRATION_POINT field has 0 values
  DEBUG: ELEMENT_NODAL field has 13992 values
  DEBUG: Processing 1 instances
  DEBUG: Instance 'PLATE-1' has 2332 elements
  DEBUG: Instance field has 13992 values
  DEBUG: Collected strains for 1240 nodes
  ✓ Saved 1240 nodal strain values
[270/500] Processing Plate_340.odb...
  DEBUG: Available steps: ['Step-1']
  DEBUG: Using step: Step-1, frames: 2
  DEBUG: Available field outputs: ['E']
  DEBUG: Strain field has 13944 values
  DEBUG: Checking available positions...
  DEBUG: Total transformed field values: 13944
  DEBUG: INTEGRATION_POINT field has 0 values
  DEBUG: ELEMENT_NODAL field has 13944 values
  DEBUG: Processing 1 instances
  DEBUG: Instance 'PLATE-1' has 2324 elements
  DEBUG: Instance field has 13944 values
  DEBUG: Collected strains for 1237 nodes
  ✓ Saved 1237 nodal strain values
[271/500] Processing Plate_341.odb...
  DEBUG: Available steps: ['Step-1']
  DEBUG: Using step: Step-1, frames: 2
  DEBUG: Available field outputs: ['E']
  DEBUG: Strain field has 13944 values
  DEBUG: Checking available positions...
  DEBUG: Total transformed field values: 13944
  DEBUG: INTEGRATION_POINT field has 0 values
  DEBUG: ELEMENT_NODAL field has 13944 values
  DEBUG: Processing 1 instances
  DEBUG: Instance 'PLATE-1' has 2324 elements
  DEBUG: Instance field has 13944 values
  DEBUG: Collected strains for 1237 nodes
  ✓ Saved 1237 nodal strain values
[272/500] Processing Plate_342.odb...
  DEBUG: Available steps: ['Step-1']
  DEBUG: Using step: Step-1, frames: 2
  DEBUG: Available field outputs: ['E']
  DEBUG: Strain field has 13944 values
  DEBUG: Checking available positions...
  DEBUG: Total transformed field values: 13944
  DEBUG: INTEGRATION_POINT field has 0 values
  DEBUG: ELEMENT_NODAL field has 13944 values
  DEBUG: Processing 1 instances
  DEBUG: Instance 'PLATE-1' has 2324 elements
  DEBUG: Instance field has 13944 values
  DEBUG: Collected strains for 1237 nodes
  ✓ Saved 1237 nodal strain values
[273/500] Processing Plate_343.odb...
  DEBUG: Available steps: ['Step-1']
  DEBUG: Using step: Step-1, frames: 2
  DEBUG: Available field outputs: ['E']
  DEBUG: Strain field has 13944 values
  DEBUG: Checking available positions...
  DEBUG: Total transformed field values: 13944
  DEBUG: INTEGRATION_POINT field has 0 values
  DEBUG: ELEMENT_NODAL field has 13944 values
  DEBUG: Processing 1 instances
  DEBUG: Instance 'PLATE-1' has 2324 elements
  DEBUG: Instance field has 13944 values
  DEBUG: Collected strains for 1237 nodes
  ✓ Saved 1237 nodal strain values
[274/500] Processing Plate_344.odb...
  DEBUG: Available steps: ['Step-1']
  DEBUG: Using step: Step-1, frames: 2
  DEBUG: Available field outputs: ['E']
  DEBUG: Strain field has 13944 values
  DEBUG: Checking available positions...
  DEBUG: Total transformed field values: 13944
  DEBUG: INTEGRATION_POINT field has 0 values
  DEBUG: ELEMENT_NODAL field has 13944 values
  DEBUG: Processing 1 instances
  DEBUG: Instance 'PLATE-1' has 2324 elements
  DEBUG: Instance field has 13944 values
  DEBUG: Collected strains for 1237 nodes
  ✓ Saved 1237 nodal strain values
[275/500] Processing Plate_345.odb...
  DEBUG: Available steps: ['Step-1']
  DEBUG: Using step: Step-1, frames: 2
  DEBUG: Available field outputs: ['E']
  DEBUG: Strain field has 13944 values
  DEBUG: Checking available positions...
  DEBUG: Total transformed field values: 13944
  DEBUG: INTEGRATION_POINT field has 0 values
  DEBUG: ELEMENT_NODAL field has 13944 values
  DEBUG: Processing 1 instances
  DEBUG: Instance 'PLATE-1' has 2324 elements
  DEBUG: Instance field has 13944 values
  DEBUG: Collected strains for 1237 nodes
  ✓ Saved 1237 nodal strain values
[276/500] Processing Plate_346.odb...
  DEBUG: Available steps: ['Step-1']
  DEBUG: Using step: Step-1, frames: 2
  DEBUG: Available field outputs: ['E']
  DEBUG: Strain field has 13944 values
  DEBUG: Checking available positions...
  DEBUG: Total transformed field values: 13944
  DEBUG: INTEGRATION_POINT field has 0 values
  DEBUG: ELEMENT_NODAL field has 13944 values
  DEBUG: Processing 1 instances
  DEBUG: Instance 'PLATE-1' has 2324 elements
  DEBUG: Instance field has 13944 values
  DEBUG: Collected strains for 1237 nodes
  ✓ Saved 1237 nodal strain values
[277/500] Processing Plate_347.odb...
  DEBUG: Available steps: ['Step-1']
  DEBUG: Using step: Step-1, frames: 2
  DEBUG: Available field outputs: ['E']
  DEBUG: Strain field has 13944 values
  DEBUG: Checking available positions...
  DEBUG: Total transformed field values: 13944
  DEBUG: INTEGRATION_POINT field has 0 values
  DEBUG: ELEMENT_NODAL field has 13944 values
  DEBUG: Processing 1 instances
  DEBUG: Instance 'PLATE-1' has 2324 elements
  DEBUG: Instance field has 13944 values
  DEBUG: Collected strains for 1237 nodes
  ✓ Saved 1237 nodal strain values
[278/500] Processing Plate_348.odb...
  DEBUG: Available steps: ['Step-1']
  DEBUG: Using step: Step-1, frames: 2
  DEBUG: Available field outputs: ['E']
  DEBUG: Strain field has 13944 values
  DEBUG: Checking available positions...
  DEBUG: Total transformed field values: 13944
  DEBUG: INTEGRATION_POINT field has 0 values
  DEBUG: ELEMENT_NODAL field has 13944 values
  DEBUG: Processing 1 instances
  DEBUG: Instance 'PLATE-1' has 2324 elements
  DEBUG: Instance field has 13944 values
  DEBUG: Collected strains for 1237 nodes
  ✓ Saved 1237 nodal strain values
[279/500] Processing Plate_349.odb...
  DEBUG: Available steps: ['Step-1']
  DEBUG: Using step: Step-1, frames: 2
  DEBUG: Available field outputs: ['E']
  DEBUG: Strain field has 13944 values
  DEBUG: Checking available positions...
  DEBUG: Total transformed field values: 13944
  DEBUG: INTEGRATION_POINT field has 0 values
  DEBUG: ELEMENT_NODAL field has 13944 values
  DEBUG: Processing 1 instances
  DEBUG: Instance 'PLATE-1' has 2324 elements
  DEBUG: Instance field has 13944 values
  DEBUG: Collected strains for 1237 nodes
  ✓ Saved 1237 nodal strain values
[280/500] Processing Plate_35.odb...
  DEBUG: Available steps: ['Step-1']
  DEBUG: Using step: Step-1, frames: 2
  DEBUG: Available field outputs: ['E']
  DEBUG: Strain field has 13992 values
  DEBUG: Checking available positions...
  DEBUG: Total transformed field values: 13992
  DEBUG: INTEGRATION_POINT field has 0 values
  DEBUG: ELEMENT_NODAL field has 13992 values
  DEBUG: Processing 1 instances
  DEBUG: Instance 'PLATE-1' has 2332 elements
  DEBUG: Instance field has 13992 values
  DEBUG: Collected strains for 1240 nodes
  ✓ Saved 1240 nodal strain values
[281/500] Processing Plate_350.odb...
  DEBUG: Available steps: ['Step-1']
  DEBUG: Using step: Step-1, frames: 2
  DEBUG: Available field outputs: ['E']
  DEBUG: Strain field has 13944 values
  DEBUG: Checking available positions...
  DEBUG: Total transformed field values: 13944
  DEBUG: INTEGRATION_POINT field has 0 values
  DEBUG: ELEMENT_NODAL field has 13944 values
  DEBUG: Processing 1 instances
  DEBUG: Instance 'PLATE-1' has 2324 elements
  DEBUG: Instance field has 13944 values
  DEBUG: Collected strains for 1237 nodes
  ✓ Saved 1237 nodal strain values
[282/500] Processing Plate_351.odb...
  DEBUG: Available steps: ['Step-1']
  DEBUG: Using step: Step-1, frames: 2
  DEBUG: Available field outputs: ['E']
  DEBUG: Strain field has 13944 values
  DEBUG: Checking available positions...
  DEBUG: Total transformed field values: 13944
  DEBUG: INTEGRATION_POINT field has 0 values
  DEBUG: ELEMENT_NODAL field has 13944 values
  DEBUG: Processing 1 instances
  DEBUG: Instance 'PLATE-1' has 2324 elements
  DEBUG: Instance field has 13944 values
  DEBUG: Collected strains for 1237 nodes
  ✓ Saved 1237 nodal strain values
[283/500] Processing Plate_352.odb...
  DEBUG: Available steps: ['Step-1']
  DEBUG: Using step: Step-1, frames: 2
  DEBUG: Available field outputs: ['E']
  DEBUG: Strain field has 13944 values
  DEBUG: Checking available positions...
  DEBUG: Total transformed field values: 13944
  DEBUG: INTEGRATION_POINT field has 0 values
  DEBUG: ELEMENT_NODAL field has 13944 values
  DEBUG: Processing 1 instances
  DEBUG: Instance 'PLATE-1' has 2324 elements
  DEBUG: Instance field has 13944 values
  DEBUG: Collected strains for 1237 nodes
  ✓ Saved 1237 nodal strain values
[284/500] Processing Plate_353.odb...
  DEBUG: Available steps: ['Step-1']
  DEBUG: Using step: Step-1, frames: 2
  DEBUG: Available field outputs: ['E']
  DEBUG: Strain field has 13944 values
  DEBUG: Checking available positions...
  DEBUG: Total transformed field values: 13944
  DEBUG: INTEGRATION_POINT field has 0 values
  DEBUG: ELEMENT_NODAL field has 13944 values
  DEBUG: Processing 1 instances
  DEBUG: Instance 'PLATE-1' has 2324 elements
  DEBUG: Instance field has 13944 values
  DEBUG: Collected strains for 1237 nodes
  ✓ Saved 1237 nodal strain values
[285/500] Processing Plate_354.odb...
  DEBUG: Available steps: ['Step-1']
  DEBUG: Using step: Step-1, frames: 2
  DEBUG: Available field outputs: ['E']
  DEBUG: Strain field has 13944 values
  DEBUG: Checking available positions...
  DEBUG: Total transformed field values: 13944
  DEBUG: INTEGRATION_POINT field has 0 values
  DEBUG: ELEMENT_NODAL field has 13944 values
  DEBUG: Processing 1 instances
  DEBUG: Instance 'PLATE-1' has 2324 elements
  DEBUG: Instance field has 13944 values
  DEBUG: Collected strains for 1237 nodes
  ✓ Saved 1237 nodal strain values
[286/500] Processing Plate_355.odb...
  DEBUG: Available steps: ['Step-1']
  DEBUG: Using step: Step-1, frames: 2
  DEBUG: Available field outputs: ['E']
  DEBUG: Strain field has 13944 values
  DEBUG: Checking available positions...
  DEBUG: Total transformed field values: 13944
  DEBUG: INTEGRATION_POINT field has 0 values
  DEBUG: ELEMENT_NODAL field has 13944 values
  DEBUG: Processing 1 instances
  DEBUG: Instance 'PLATE-1' has 2324 elements
  DEBUG: Instance field has 13944 values
  DEBUG: Collected strains for 1237 nodes
  ✓ Saved 1237 nodal strain values
[287/500] Processing Plate_356.odb...
  DEBUG: Available steps: ['Step-1']
  DEBUG: Using step: Step-1, frames: 2
  DEBUG: Available field outputs: ['E']
  DEBUG: Strain field has 13944 values
  DEBUG: Checking available positions...
  DEBUG: Total transformed field values: 13944
  DEBUG: INTEGRATION_POINT field has 0 values
  DEBUG: ELEMENT_NODAL field has 13944 values
  DEBUG: Processing 1 instances
  DEBUG: Instance 'PLATE-1' has 2324 elements
  DEBUG: Instance field has 13944 values
  DEBUG: Collected strains for 1237 nodes
  ✓ Saved 1237 nodal strain values
[288/500] Processing Plate_357.odb...
  DEBUG: Available steps: ['Step-1']
  DEBUG: Using step: Step-1, frames: 2
  DEBUG: Available field outputs: ['E']
  DEBUG: Strain field has 13944 values
  DEBUG: Checking available positions...
  DEBUG: Total transformed field values: 13944
  DEBUG: INTEGRATION_POINT field has 0 values
  DEBUG: ELEMENT_NODAL field has 13944 values
  DEBUG: Processing 1 instances
  DEBUG: Instance 'PLATE-1' has 2324 elements
  DEBUG: Instance field has 13944 values
  DEBUG: Collected strains for 1237 nodes
  ✓ Saved 1237 nodal strain values
[289/500] Processing Plate_358.odb...
  DEBUG: Available steps: ['Step-1']
  DEBUG: Using step: Step-1, frames: 2
  DEBUG: Available field outputs: ['E']
  DEBUG: Strain field has 13944 values
  DEBUG: Checking available positions...
  DEBUG: Total transformed field values: 13944
  DEBUG: INTEGRATION_POINT field has 0 values
  DEBUG: ELEMENT_NODAL field has 13944 values
  DEBUG: Processing 1 instances
  DEBUG: Instance 'PLATE-1' has 2324 elements
  DEBUG: Instance field has 13944 values
  DEBUG: Collected strains for 1237 nodes
  ✓ Saved 1237 nodal strain values
[290/500] Processing Plate_359.odb...
  DEBUG: Available steps: ['Step-1']
  DEBUG: Using step: Step-1, frames: 2
  DEBUG: Available field outputs: ['E']
  DEBUG: Strain field has 13944 values
  DEBUG: Checking available positions...
  DEBUG: Total transformed field values: 13944
  DEBUG: INTEGRATION_POINT field has 0 values
  DEBUG: ELEMENT_NODAL field has 13944 values
  DEBUG: Processing 1 instances
  DEBUG: Instance 'PLATE-1' has 2324 elements
  DEBUG: Instance field has 13944 values
  DEBUG: Collected strains for 1237 nodes
  ✓ Saved 1237 nodal strain values
[291/500] Processing Plate_36.odb...
  DEBUG: Available steps: ['Step-1']
  DEBUG: Using step: Step-1, frames: 2
  DEBUG: Available field outputs: ['E']
  DEBUG: Strain field has 13992 values
  DEBUG: Checking available positions...
  DEBUG: Total transformed field values: 13992
  DEBUG: INTEGRATION_POINT field has 0 values
  DEBUG: ELEMENT_NODAL field has 13992 values
  DEBUG: Processing 1 instances
  DEBUG: Instance 'PLATE-1' has 2332 elements
  DEBUG: Instance field has 13992 values
  DEBUG: Collected strains for 1240 nodes
  ✓ Saved 1240 nodal strain values
[292/500] Processing Plate_360.odb...
  DEBUG: Available steps: ['Step-1']
  DEBUG: Using step: Step-1, frames: 2
  DEBUG: Available field outputs: ['E']
  DEBUG: Strain field has 13680 values
  DEBUG: Checking available positions...
  DEBUG: Total transformed field values: 13680
  DEBUG: INTEGRATION_POINT field has 0 values
  DEBUG: ELEMENT_NODAL field has 13680 values
  DEBUG: Processing 1 instances
  DEBUG: Instance 'PLATE-1' has 2280 elements
  DEBUG: Instance field has 13680 values
  DEBUG: Collected strains for 1210 nodes
  ✓ Saved 1210 nodal strain values
[293/500] Processing Plate_361.odb...
  DEBUG: Available steps: ['Step-1']
  DEBUG: Using step: Step-1, frames: 2
  DEBUG: Available field outputs: ['E']
  DEBUG: Strain field has 13680 values
  DEBUG: Checking available positions...
  DEBUG: Total transformed field values: 13680
  DEBUG: INTEGRATION_POINT field has 0 values
  DEBUG: ELEMENT_NODAL field has 13680 values
  DEBUG: Processing 1 instances
  DEBUG: Instance 'PLATE-1' has 2280 elements
  DEBUG: Instance field has 13680 values
  DEBUG: Collected strains for 1210 nodes
  ✓ Saved 1210 nodal strain values
[294/500] Processing Plate_362.odb...
  DEBUG: Available steps: ['Step-1']
  DEBUG: Using step: Step-1, frames: 2
  DEBUG: Available field outputs: ['E']
  DEBUG: Strain field has 13680 values
  DEBUG: Checking available positions...
  DEBUG: Total transformed field values: 13680
  DEBUG: INTEGRATION_POINT field has 0 values
  DEBUG: ELEMENT_NODAL field has 13680 values
  DEBUG: Processing 1 instances
  DEBUG: Instance 'PLATE-1' has 2280 elements
  DEBUG: Instance field has 13680 values
  DEBUG: Collected strains for 1210 nodes
  ✓ Saved 1210 nodal strain values
[295/500] Processing Plate_363.odb...
  DEBUG: Available steps: ['Step-1']
  DEBUG: Using step: Step-1, frames: 2
  DEBUG: Available field outputs: ['E']
  DEBUG: Strain field has 13680 values
  DEBUG: Checking available positions...
  DEBUG: Total transformed field values: 13680
  DEBUG: INTEGRATION_POINT field has 0 values
  DEBUG: ELEMENT_NODAL field has 13680 values
  DEBUG: Processing 1 instances
  DEBUG: Instance 'PLATE-1' has 2280 elements
  DEBUG: Instance field has 13680 values
  DEBUG: Collected strains for 1210 nodes
  ✓ Saved 1210 nodal strain values
[296/500] Processing Plate_364.odb...
  DEBUG: Available steps: ['Step-1']
  DEBUG: Using step: Step-1, frames: 2
  DEBUG: Available field outputs: ['E']
  DEBUG: Strain field has 13680 values
  DEBUG: Checking available positions...
  DEBUG: Total transformed field values: 13680
  DEBUG: INTEGRATION_POINT field has 0 values
  DEBUG: ELEMENT_NODAL field has 13680 values
  DEBUG: Processing 1 instances
  DEBUG: Instance 'PLATE-1' has 2280 elements
  DEBUG: Instance field has 13680 values
  DEBUG: Collected strains for 1210 nodes
  ✓ Saved 1210 nodal strain values
[297/500] Processing Plate_365.odb...
  DEBUG: Available steps: ['Step-1']
  DEBUG: Using step: Step-1, frames: 2
  DEBUG: Available field outputs: ['E']
  DEBUG: Strain field has 13680 values
  DEBUG: Checking available positions...
  DEBUG: Total transformed field values: 13680
  DEBUG: INTEGRATION_POINT field has 0 values
  DEBUG: ELEMENT_NODAL field has 13680 values
  DEBUG: Processing 1 instances
  DEBUG: Instance 'PLATE-1' has 2280 elements
  DEBUG: Instance field has 13680 values
  DEBUG: Collected strains for 1210 nodes
  ✓ Saved 1210 nodal strain values
[298/500] Processing Plate_366.odb...
  DEBUG: Available steps: ['Step-1']
  DEBUG: Using step: Step-1, frames: 2
  DEBUG: Available field outputs: ['E']
  DEBUG: Strain field has 13680 values
  DEBUG: Checking available positions...
  DEBUG: Total transformed field values: 13680
  DEBUG: INTEGRATION_POINT field has 0 values
  DEBUG: ELEMENT_NODAL field has 13680 values
  DEBUG: Processing 1 instances
  DEBUG: Instance 'PLATE-1' has 2280 elements
  DEBUG: Instance field has 13680 values
  DEBUG: Collected strains for 1210 nodes
  ✓ Saved 1210 nodal strain values
[299/500] Processing Plate_367.odb...
  DEBUG: Available steps: ['Step-1']
  DEBUG: Using step: Step-1, frames: 2
  DEBUG: Available field outputs: ['E']
  DEBUG: Strain field has 13680 values
  DEBUG: Checking available positions...
  DEBUG: Total transformed field values: 13680
  DEBUG: INTEGRATION_POINT field has 0 values
  DEBUG: ELEMENT_NODAL field has 13680 values
  DEBUG: Processing 1 instances
  DEBUG: Instance 'PLATE-1' has 2280 elements
  DEBUG: Instance field has 13680 values
  DEBUG: Collected strains for 1210 nodes
  ✓ Saved 1210 nodal strain values
[300/500] Processing Plate_368.odb...
  DEBUG: Available steps: ['Step-1']
  DEBUG: Using step: Step-1, frames: 2
  DEBUG: Available field outputs: ['E']
  DEBUG: Strain field has 13680 values
  DEBUG: Checking available positions...
  DEBUG: Total transformed field values: 13680
  DEBUG: INTEGRATION_POINT field has 0 values
  DEBUG: ELEMENT_NODAL field has 13680 values
  DEBUG: Processing 1 instances
  DEBUG: Instance 'PLATE-1' has 2280 elements
  DEBUG: Instance field has 13680 values
  DEBUG: Collected strains for 1210 nodes
  ✓ Saved 1210 nodal strain values
[301/500] Processing Plate_369.odb...
  DEBUG: Available steps: ['Step-1']
  DEBUG: Using step: Step-1, frames: 2
  DEBUG: Available field outputs: ['E']
  DEBUG: Strain field has 13680 values
  DEBUG: Checking available positions...
  DEBUG: Total transformed field values: 13680
  DEBUG: INTEGRATION_POINT field has 0 values
  DEBUG: ELEMENT_NODAL field has 13680 values
  DEBUG: Processing 1 instances
  DEBUG: Instance 'PLATE-1' has 2280 elements
  DEBUG: Instance field has 13680 values
  DEBUG: Collected strains for 1210 nodes
  ✓ Saved 1210 nodal strain values
[302/500] Processing Plate_37.odb...
  DEBUG: Available steps: ['Step-1']
  DEBUG: Using step: Step-1, frames: 2
  DEBUG: Available field outputs: ['E']
  DEBUG: Strain field has 13992 values
  DEBUG: Checking available positions...
  DEBUG: Total transformed field values: 13992
  DEBUG: INTEGRATION_POINT field has 0 values
  DEBUG: ELEMENT_NODAL field has 13992 values
  DEBUG: Processing 1 instances
  DEBUG: Instance 'PLATE-1' has 2332 elements
  DEBUG: Instance field has 13992 values
  DEBUG: Collected strains for 1240 nodes
  ✓ Saved 1240 nodal strain values
[303/500] Processing Plate_370.odb...
  DEBUG: Available steps: ['Step-1']
  DEBUG: Using step: Step-1, frames: 2
  DEBUG: Available field outputs: ['E']
  DEBUG: Strain field has 13680 values
  DEBUG: Checking available positions...
  DEBUG: Total transformed field values: 13680
  DEBUG: INTEGRATION_POINT field has 0 values
  DEBUG: ELEMENT_NODAL field has 13680 values
  DEBUG: Processing 1 instances
  DEBUG: Instance 'PLATE-1' has 2280 elements
  DEBUG: Instance field has 13680 values
  DEBUG: Collected strains for 1210 nodes
  ✓ Saved 1210 nodal strain values
[304/500] Processing Plate_371.odb...
  DEBUG: Available steps: ['Step-1']
  DEBUG: Using step: Step-1, frames: 2
  DEBUG: Available field outputs: ['E']
  DEBUG: Strain field has 13680 values
  DEBUG: Checking available positions...
  DEBUG: Total transformed field values: 13680
  DEBUG: INTEGRATION_POINT field has 0 values
  DEBUG: ELEMENT_NODAL field has 13680 values
  DEBUG: Processing 1 instances
  DEBUG: Instance 'PLATE-1' has 2280 elements
  DEBUG: Instance field has 13680 values
  DEBUG: Collected strains for 1210 nodes
  ✓ Saved 1210 nodal strain values
[305/500] Processing Plate_372.odb...
  DEBUG: Available steps: ['Step-1']
  DEBUG: Using step: Step-1, frames: 2
  DEBUG: Available field outputs: ['E']
  DEBUG: Strain field has 13680 values
  DEBUG: Checking available positions...
  DEBUG: Total transformed field values: 13680
  DEBUG: INTEGRATION_POINT field has 0 values
  DEBUG: ELEMENT_NODAL field has 13680 values
  DEBUG: Processing 1 instances
  DEBUG: Instance 'PLATE-1' has 2280 elements
  DEBUG: Instance field has 13680 values
  DEBUG: Collected strains for 1210 nodes
  ✓ Saved 1210 nodal strain values
[306/500] Processing Plate_373.odb...
  DEBUG: Available steps: ['Step-1']
  DEBUG: Using step: Step-1, frames: 2
  DEBUG: Available field outputs: ['E']
  DEBUG: Strain field has 13680 values
  DEBUG: Checking available positions...
  DEBUG: Total transformed field values: 13680
  DEBUG: INTEGRATION_POINT field has 0 values
  DEBUG: ELEMENT_NODAL field has 13680 values
  DEBUG: Processing 1 instances
  DEBUG: Instance 'PLATE-1' has 2280 elements
  DEBUG: Instance field has 13680 values
  DEBUG: Collected strains for 1210 nodes
  ✓ Saved 1210 nodal strain values
[307/500] Processing Plate_374.odb...
  DEBUG: Available steps: ['Step-1']
  DEBUG: Using step: Step-1, frames: 2
  DEBUG: Available field outputs: ['E']
  DEBUG: Strain field has 13680 values
  DEBUG: Checking available positions...
  DEBUG: Total transformed field values: 13680
  DEBUG: INTEGRATION_POINT field has 0 values
  DEBUG: ELEMENT_NODAL field has 13680 values
  DEBUG: Processing 1 instances
  DEBUG: Instance 'PLATE-1' has 2280 elements
  DEBUG: Instance field has 13680 values
  DEBUG: Collected strains for 1210 nodes
  ✓ Saved 1210 nodal strain values
[308/500] Processing Plate_375.odb...
  DEBUG: Available steps: ['Step-1']
  DEBUG: Using step: Step-1, frames: 2
  DEBUG: Available field outputs: ['E']
  DEBUG: Strain field has 13680 values
  DEBUG: Checking available positions...
  DEBUG: Total transformed field values: 13680
  DEBUG: INTEGRATION_POINT field has 0 values
  DEBUG: ELEMENT_NODAL field has 13680 values
  DEBUG: Processing 1 instances
  DEBUG: Instance 'PLATE-1' has 2280 elements
  DEBUG: Instance field has 13680 values
  DEBUG: Collected strains for 1210 nodes
  ✓ Saved 1210 nodal strain values
[309/500] Processing Plate_376.odb...
  DEBUG: Available steps: ['Step-1']
  DEBUG: Using step: Step-1, frames: 2
  DEBUG: Available field outputs: ['E']
  DEBUG: Strain field has 13680 values
  DEBUG: Checking available positions...
  DEBUG: Total transformed field values: 13680
  DEBUG: INTEGRATION_POINT field has 0 values
  DEBUG: ELEMENT_NODAL field has 13680 values
  DEBUG: Processing 1 instances
  DEBUG: Instance 'PLATE-1' has 2280 elements
  DEBUG: Instance field has 13680 values
  DEBUG: Collected strains for 1210 nodes
  ✓ Saved 1210 nodal strain values
[310/500] Processing Plate_377.odb...
  DEBUG: Available steps: ['Step-1']
  DEBUG: Using step: Step-1, frames: 2
  DEBUG: Available field outputs: ['E']
  DEBUG: Strain field has 13680 values
  DEBUG: Checking available positions...
  DEBUG: Total transformed field values: 13680
  DEBUG: INTEGRATION_POINT field has 0 values
  DEBUG: ELEMENT_NODAL field has 13680 values
  DEBUG: Processing 1 instances
  DEBUG: Instance 'PLATE-1' has 2280 elements
  DEBUG: Instance field has 13680 values
  DEBUG: Collected strains for 1210 nodes
  ✓ Saved 1210 nodal strain values
[311/500] Processing Plate_378.odb...
  DEBUG: Available steps: ['Step-1']
  DEBUG: Using step: Step-1, frames: 2
  DEBUG: Available field outputs: ['E']
  DEBUG: Strain field has 13680 values
  DEBUG: Checking available positions...
  DEBUG: Total transformed field values: 13680
  DEBUG: INTEGRATION_POINT field has 0 values
  DEBUG: ELEMENT_NODAL field has 13680 values
  DEBUG: Processing 1 instances
  DEBUG: Instance 'PLATE-1' has 2280 elements
  DEBUG: Instance field has 13680 values
  DEBUG: Collected strains for 1210 nodes
  ✓ Saved 1210 nodal strain values
[312/500] Processing Plate_379.odb...
  DEBUG: Available steps: ['Step-1']
  DEBUG: Using step: Step-1, frames: 2
  DEBUG: Available field outputs: ['E']
  DEBUG: Strain field has 13680 values
  DEBUG: Checking available positions...
  DEBUG: Total transformed field values: 13680
  DEBUG: INTEGRATION_POINT field has 0 values
  DEBUG: ELEMENT_NODAL field has 13680 values
  DEBUG: Processing 1 instances
  DEBUG: Instance 'PLATE-1' has 2280 elements
  DEBUG: Instance field has 13680 values
  DEBUG: Collected strains for 1210 nodes
  ✓ Saved 1210 nodal strain values
[313/500] Processing Plate_38.odb...
  DEBUG: Available steps: ['Step-1']
  DEBUG: Using step: Step-1, frames: 2
  DEBUG: Available field outputs: ['E']
  DEBUG: Strain field has 13992 values
  DEBUG: Checking available positions...
  DEBUG: Total transformed field values: 13992
  DEBUG: INTEGRATION_POINT field has 0 values
  DEBUG: ELEMENT_NODAL field has 13992 values
  DEBUG: Processing 1 instances
  DEBUG: Instance 'PLATE-1' has 2332 elements
  DEBUG: Instance field has 13992 values
  DEBUG: Collected strains for 1240 nodes
  ✓ Saved 1240 nodal strain values
[314/500] Processing Plate_380.odb...
  DEBUG: Available steps: ['Step-1']
  DEBUG: Using step: Step-1, frames: 2
  DEBUG: Available field outputs: ['E']
  DEBUG: Strain field has 13800 values
  DEBUG: Checking available positions...
  DEBUG: Total transformed field values: 13800
  DEBUG: INTEGRATION_POINT field has 0 values
  DEBUG: ELEMENT_NODAL field has 13800 values
  DEBUG: Processing 1 instances
  DEBUG: Instance 'PLATE-1' has 2300 elements
  DEBUG: Instance field has 13800 values
  DEBUG: Collected strains for 1227 nodes
  ✓ Saved 1227 nodal strain values
[315/500] Processing Plate_381.odb...
  DEBUG: Available steps: ['Step-1']
  DEBUG: Using step: Step-1, frames: 2
  DEBUG: Available field outputs: ['E']
  DEBUG: Strain field has 13800 values
  DEBUG: Checking available positions...
  DEBUG: Total transformed field values: 13800
  DEBUG: INTEGRATION_POINT field has 0 values
  DEBUG: ELEMENT_NODAL field has 13800 values
  DEBUG: Processing 1 instances
  DEBUG: Instance 'PLATE-1' has 2300 elements
  DEBUG: Instance field has 13800 values
  DEBUG: Collected strains for 1227 nodes
  ✓ Saved 1227 nodal strain values
[316/500] Processing Plate_382.odb...
  DEBUG: Available steps: ['Step-1']
  DEBUG: Using step: Step-1, frames: 2
  DEBUG: Available field outputs: ['E']
  DEBUG: Strain field has 13800 values
  DEBUG: Checking available positions...
  DEBUG: Total transformed field values: 13800
  DEBUG: INTEGRATION_POINT field has 0 values
  DEBUG: ELEMENT_NODAL field has 13800 values
  DEBUG: Processing 1 instances
  DEBUG: Instance 'PLATE-1' has 2300 elements
  DEBUG: Instance field has 13800 values
  DEBUG: Collected strains for 1227 nodes
  ✓ Saved 1227 nodal strain values
[317/500] Processing Plate_383.odb...
  DEBUG: Available steps: ['Step-1']
  DEBUG: Using step: Step-1, frames: 2
  DEBUG: Available field outputs: ['E']
  DEBUG: Strain field has 13800 values
  DEBUG: Checking available positions...
  DEBUG: Total transformed field values: 13800
  DEBUG: INTEGRATION_POINT field has 0 values
  DEBUG: ELEMENT_NODAL field has 13800 values
  DEBUG: Processing 1 instances
  DEBUG: Instance 'PLATE-1' has 2300 elements
  DEBUG: Instance field has 13800 values
  DEBUG: Collected strains for 1227 nodes
  ✓ Saved 1227 nodal strain values
[318/500] Processing Plate_384.odb...
  DEBUG: Available steps: ['Step-1']
  DEBUG: Using step: Step-1, frames: 2
  DEBUG: Available field outputs: ['E']
  DEBUG: Strain field has 13800 values
  DEBUG: Checking available positions...
  DEBUG: Total transformed field values: 13800
  DEBUG: INTEGRATION_POINT field has 0 values
  DEBUG: ELEMENT_NODAL field has 13800 values
  DEBUG: Processing 1 instances
  DEBUG: Instance 'PLATE-1' has 2300 elements
  DEBUG: Instance field has 13800 values
  DEBUG: Collected strains for 1227 nodes
  ✓ Saved 1227 nodal strain values
[319/500] Processing Plate_385.odb...
  DEBUG: Available steps: ['Step-1']
  DEBUG: Using step: Step-1, frames: 2
  DEBUG: Available field outputs: ['E']
  DEBUG: Strain field has 13800 values
  DEBUG: Checking available positions...
  DEBUG: Total transformed field values: 13800
  DEBUG: INTEGRATION_POINT field has 0 values
  DEBUG: ELEMENT_NODAL field has 13800 values
  DEBUG: Processing 1 instances
  DEBUG: Instance 'PLATE-1' has 2300 elements
  DEBUG: Instance field has 13800 values
  DEBUG: Collected strains for 1227 nodes
  ✓ Saved 1227 nodal strain values
[320/500] Processing Plate_386.odb...
  DEBUG: Available steps: ['Step-1']
  DEBUG: Using step: Step-1, frames: 2
  DEBUG: Available field outputs: ['E']
  DEBUG: Strain field has 13800 values
  DEBUG: Checking available positions...
  DEBUG: Total transformed field values: 13800
  DEBUG: INTEGRATION_POINT field has 0 values
  DEBUG: ELEMENT_NODAL field has 13800 values
  DEBUG: Processing 1 instances
  DEBUG: Instance 'PLATE-1' has 2300 elements
  DEBUG: Instance field has 13800 values
  DEBUG: Collected strains for 1227 nodes
  ✓ Saved 1227 nodal strain values
[321/500] Processing Plate_387.odb...
  DEBUG: Available steps: ['Step-1']
  DEBUG: Using step: Step-1, frames: 2
  DEBUG: Available field outputs: ['E']
  DEBUG: Strain field has 13800 values
  DEBUG: Checking available positions...
  DEBUG: Total transformed field values: 13800
  DEBUG: INTEGRATION_POINT field has 0 values
  DEBUG: ELEMENT_NODAL field has 13800 values
  DEBUG: Processing 1 instances
  DEBUG: Instance 'PLATE-1' has 2300 elements
  DEBUG: Instance field has 13800 values
  DEBUG: Collected strains for 1227 nodes
  ✓ Saved 1227 nodal strain values
[322/500] Processing Plate_388.odb...
  DEBUG: Available steps: ['Step-1']
  DEBUG: Using step: Step-1, frames: 2
  DEBUG: Available field outputs: ['E']
  DEBUG: Strain field has 13800 values
  DEBUG: Checking available positions...
  DEBUG: Total transformed field values: 13800
  DEBUG: INTEGRATION_POINT field has 0 values
  DEBUG: ELEMENT_NODAL field has 13800 values
  DEBUG: Processing 1 instances
  DEBUG: Instance 'PLATE-1' has 2300 elements
  DEBUG: Instance field has 13800 values
  DEBUG: Collected strains for 1227 nodes
  ✓ Saved 1227 nodal strain values
[323/500] Processing Plate_389.odb...
  DEBUG: Available steps: ['Step-1']
  DEBUG: Using step: Step-1, frames: 2
  DEBUG: Available field outputs: ['E']
  DEBUG: Strain field has 13800 values
  DEBUG: Checking available positions...
  DEBUG: Total transformed field values: 13800
  DEBUG: INTEGRATION_POINT field has 0 values
  DEBUG: ELEMENT_NODAL field has 13800 values
  DEBUG: Processing 1 instances
  DEBUG: Instance 'PLATE-1' has 2300 elements
  DEBUG: Instance field has 13800 values
  DEBUG: Collected strains for 1227 nodes
  ✓ Saved 1227 nodal strain values
[324/500] Processing Plate_39.odb...
  DEBUG: Available steps: ['Step-1']
  DEBUG: Using step: Step-1, frames: 2
  DEBUG: Available field outputs: ['E']
  DEBUG: Strain field has 13992 values
  DEBUG: Checking available positions...
  DEBUG: Total transformed field values: 13992
  DEBUG: INTEGRATION_POINT field has 0 values
  DEBUG: ELEMENT_NODAL field has 13992 values
  DEBUG: Processing 1 instances
  DEBUG: Instance 'PLATE-1' has 2332 elements
  DEBUG: Instance field has 13992 values
  DEBUG: Collected strains for 1240 nodes
  ✓ Saved 1240 nodal strain values
[325/500] Processing Plate_390.odb...
  DEBUG: Available steps: ['Step-1']
  DEBUG: Using step: Step-1, frames: 2
  DEBUG: Available field outputs: ['E']
  DEBUG: Strain field has 13800 values
  DEBUG: Checking available positions...
  DEBUG: Total transformed field values: 13800
  DEBUG: INTEGRATION_POINT field has 0 values
  DEBUG: ELEMENT_NODAL field has 13800 values
  DEBUG: Processing 1 instances
  DEBUG: Instance 'PLATE-1' has 2300 elements
  DEBUG: Instance field has 13800 values
  DEBUG: Collected strains for 1227 nodes
  ✓ Saved 1227 nodal strain values
[326/500] Processing Plate_391.odb...
  DEBUG: Available steps: ['Step-1']
  DEBUG: Using step: Step-1, frames: 2
  DEBUG: Available field outputs: ['E']
  DEBUG: Strain field has 13800 values
  DEBUG: Checking available positions...
  DEBUG: Total transformed field values: 13800
  DEBUG: INTEGRATION_POINT field has 0 values
  DEBUG: ELEMENT_NODAL field has 13800 values
  DEBUG: Processing 1 instances
  DEBUG: Instance 'PLATE-1' has 2300 elements
  DEBUG: Instance field has 13800 values
  DEBUG: Collected strains for 1227 nodes
  ✓ Saved 1227 nodal strain values
[327/500] Processing Plate_392.odb...
  DEBUG: Available steps: ['Step-1']
  DEBUG: Using step: Step-1, frames: 2
  DEBUG: Available field outputs: ['E']
  DEBUG: Strain field has 13800 values
  DEBUG: Checking available positions...
  DEBUG: Total transformed field values: 13800
  DEBUG: INTEGRATION_POINT field has 0 values
  DEBUG: ELEMENT_NODAL field has 13800 values
  DEBUG: Processing 1 instances
  DEBUG: Instance 'PLATE-1' has 2300 elements
  DEBUG: Instance field has 13800 values
  DEBUG: Collected strains for 1227 nodes
  ✓ Saved 1227 nodal strain values
[328/500] Processing Plate_393.odb...
  DEBUG: Available steps: ['Step-1']
  DEBUG: Using step: Step-1, frames: 2
  DEBUG: Available field outputs: ['E']
  DEBUG: Strain field has 13800 values
  DEBUG: Checking available positions...
  DEBUG: Total transformed field values: 13800
  DEBUG: INTEGRATION_POINT field has 0 values
  DEBUG: ELEMENT_NODAL field has 13800 values
  DEBUG: Processing 1 instances
  DEBUG: Instance 'PLATE-1' has 2300 elements
  DEBUG: Instance field has 13800 values
  DEBUG: Collected strains for 1227 nodes
  ✓ Saved 1227 nodal strain values
[329/500] Processing Plate_394.odb...
  DEBUG: Available steps: ['Step-1']
  DEBUG: Using step: Step-1, frames: 2
  DEBUG: Available field outputs: ['E']
  DEBUG: Strain field has 13800 values
  DEBUG: Checking available positions...
  DEBUG: Total transformed field values: 13800
  DEBUG: INTEGRATION_POINT field has 0 values
  DEBUG: ELEMENT_NODAL field has 13800 values
  DEBUG: Processing 1 instances
  DEBUG: Instance 'PLATE-1' has 2300 elements
  DEBUG: Instance field has 13800 values
  DEBUG: Collected strains for 1227 nodes
  ✓ Saved 1227 nodal strain values
[330/500] Processing Plate_395.odb...
  DEBUG: Available steps: ['Step-1']
  DEBUG: Using step: Step-1, frames: 2
  DEBUG: Available field outputs: ['E']
  DEBUG: Strain field has 13800 values
  DEBUG: Checking available positions...
  DEBUG: Total transformed field values: 13800
  DEBUG: INTEGRATION_POINT field has 0 values
  DEBUG: ELEMENT_NODAL field has 13800 values
  DEBUG: Processing 1 instances
  DEBUG: Instance 'PLATE-1' has 2300 elements
  DEBUG: Instance field has 13800 values
  DEBUG: Collected strains for 1227 nodes
  ✓ Saved 1227 nodal strain values
[331/500] Processing Plate_396.odb...
  DEBUG: Available steps: ['Step-1']
  DEBUG: Using step: Step-1, frames: 2
  DEBUG: Available field outputs: ['E']
  DEBUG: Strain field has 13800 values
  DEBUG: Checking available positions...
  DEBUG: Total transformed field values: 13800
  DEBUG: INTEGRATION_POINT field has 0 values
  DEBUG: ELEMENT_NODAL field has 13800 values
  DEBUG: Processing 1 instances
  DEBUG: Instance 'PLATE-1' has 2300 elements
  DEBUG: Instance field has 13800 values
  DEBUG: Collected strains for 1227 nodes
  ✓ Saved 1227 nodal strain values
[332/500] Processing Plate_397.odb...
  DEBUG: Available steps: ['Step-1']
  DEBUG: Using step: Step-1, frames: 2
  DEBUG: Available field outputs: ['E']
  DEBUG: Strain field has 13800 values
  DEBUG: Checking available positions...
  DEBUG: Total transformed field values: 13800
  DEBUG: INTEGRATION_POINT field has 0 values
  DEBUG: ELEMENT_NODAL field has 13800 values
  DEBUG: Processing 1 instances
  DEBUG: Instance 'PLATE-1' has 2300 elements
  DEBUG: Instance field has 13800 values
  DEBUG: Collected strains for 1227 nodes
  ✓ Saved 1227 nodal strain values
[333/500] Processing Plate_398.odb...
  DEBUG: Available steps: ['Step-1']
  DEBUG: Using step: Step-1, frames: 2
  DEBUG: Available field outputs: ['E']
  DEBUG: Strain field has 13800 values
  DEBUG: Checking available positions...
  DEBUG: Total transformed field values: 13800
  DEBUG: INTEGRATION_POINT field has 0 values
  DEBUG: ELEMENT_NODAL field has 13800 values
  DEBUG: Processing 1 instances
  DEBUG: Instance 'PLATE-1' has 2300 elements
  DEBUG: Instance field has 13800 values
  DEBUG: Collected strains for 1227 nodes
  ✓ Saved 1227 nodal strain values
[334/500] Processing Plate_399.odb...
  DEBUG: Available steps: ['Step-1']
  DEBUG: Using step: Step-1, frames: 2
  DEBUG: Available field outputs: ['E']
  DEBUG: Strain field has 13800 values
  DEBUG: Checking available positions...
  DEBUG: Total transformed field values: 13800
  DEBUG: INTEGRATION_POINT field has 0 values
  DEBUG: ELEMENT_NODAL field has 13800 values
  DEBUG: Processing 1 instances
  DEBUG: Instance 'PLATE-1' has 2300 elements
  DEBUG: Instance field has 13800 values
  DEBUG: Collected strains for 1227 nodes
  ✓ Saved 1227 nodal strain values
[335/500] Processing Plate_4.odb...
  DEBUG: Available steps: ['Step-1']
  DEBUG: Using step: Step-1, frames: 2
  DEBUG: Available field outputs: ['E']
  DEBUG: Strain field has 13716 values
  DEBUG: Checking available positions...
  DEBUG: Total transformed field values: 13716
  DEBUG: INTEGRATION_POINT field has 0 values
  DEBUG: ELEMENT_NODAL field has 13716 values
  DEBUG: Processing 1 instances
  DEBUG: Instance 'PLATE-1' has 2286 elements
  DEBUG: Instance field has 13716 values
  DEBUG: Collected strains for 1219 nodes
  ✓ Saved 1219 nodal strain values
[336/500] Processing Plate_40.odb...
  DEBUG: Available steps: ['Step-1']
  DEBUG: Using step: Step-1, frames: 2
  DEBUG: Available field outputs: ['E']
  DEBUG: Strain field has 13824 values
  DEBUG: Checking available positions...
  DEBUG: Total transformed field values: 13824
  DEBUG: INTEGRATION_POINT field has 0 values
  DEBUG: ELEMENT_NODAL field has 13824 values
  DEBUG: Processing 1 instances
  DEBUG: Instance 'PLATE-1' has 2304 elements
  DEBUG: Instance field has 13824 values
  DEBUG: Collected strains for 1231 nodes
  ✓ Saved 1231 nodal strain values
[337/500] Processing Plate_400.odb...
  DEBUG: Available steps: ['Step-1']
  DEBUG: Using step: Step-1, frames: 2
  DEBUG: Available field outputs: ['E']
  DEBUG: Strain field has 13404 values
  DEBUG: Checking available positions...
  DEBUG: Total transformed field values: 13404
  DEBUG: INTEGRATION_POINT field has 0 values
  DEBUG: ELEMENT_NODAL field has 13404 values
  DEBUG: Processing 1 instances
  DEBUG: Instance 'PLATE-1' has 2234 elements
  DEBUG: Instance field has 13404 values
  DEBUG: Collected strains for 1196 nodes
  ✓ Saved 1196 nodal strain values
[338/500] Processing Plate_401.odb...
  DEBUG: Available steps: ['Step-1']
  DEBUG: Using step: Step-1, frames: 2
  DEBUG: Available field outputs: ['E']
  DEBUG: Strain field has 13404 values
  DEBUG: Checking available positions...
  DEBUG: Total transformed field values: 13404
  DEBUG: INTEGRATION_POINT field has 0 values
  DEBUG: ELEMENT_NODAL field has 13404 values
  DEBUG: Processing 1 instances
  DEBUG: Instance 'PLATE-1' has 2234 elements
  DEBUG: Instance field has 13404 values
  DEBUG: Collected strains for 1196 nodes
  ✓ Saved 1196 nodal strain values
[339/500] Processing Plate_402.odb...
  DEBUG: Available steps: ['Step-1']
  DEBUG: Using step: Step-1, frames: 2
  DEBUG: Available field outputs: ['E']
  DEBUG: Strain field has 13404 values
  DEBUG: Checking available positions...
  DEBUG: Total transformed field values: 13404
  DEBUG: INTEGRATION_POINT field has 0 values
  DEBUG: ELEMENT_NODAL field has 13404 values
  DEBUG: Processing 1 instances
  DEBUG: Instance 'PLATE-1' has 2234 elements
  DEBUG: Instance field has 13404 values
  DEBUG: Collected strains for 1196 nodes
  ✓ Saved 1196 nodal strain values
[340/500] Processing Plate_403.odb...
  DEBUG: Available steps: ['Step-1']
  DEBUG: Using step: Step-1, frames: 2
  DEBUG: Available field outputs: ['E']
  DEBUG: Strain field has 13404 values
  DEBUG: Checking available positions...
  DEBUG: Total transformed field values: 13404
  DEBUG: INTEGRATION_POINT field has 0 values
  DEBUG: ELEMENT_NODAL field has 13404 values
  DEBUG: Processing 1 instances
  DEBUG: Instance 'PLATE-1' has 2234 elements
  DEBUG: Instance field has 13404 values
  DEBUG: Collected strains for 1196 nodes
  ✓ Saved 1196 nodal strain values
[341/500] Processing Plate_404.odb...
  DEBUG: Available steps: ['Step-1']
  DEBUG: Using step: Step-1, frames: 2
  DEBUG: Available field outputs: ['E']
  DEBUG: Strain field has 13404 values
  DEBUG: Checking available positions...
  DEBUG: Total transformed field values: 13404
  DEBUG: INTEGRATION_POINT field has 0 values
  DEBUG: ELEMENT_NODAL field has 13404 values
  DEBUG: Processing 1 instances
  DEBUG: Instance 'PLATE-1' has 2234 elements
  DEBUG: Instance field has 13404 values
  DEBUG: Collected strains for 1196 nodes
  ✓ Saved 1196 nodal strain values
[342/500] Processing Plate_405.odb...
  DEBUG: Available steps: ['Step-1']
  DEBUG: Using step: Step-1, frames: 2
  DEBUG: Available field outputs: ['E']
  DEBUG: Strain field has 13404 values
  DEBUG: Checking available positions...
  DEBUG: Total transformed field values: 13404
  DEBUG: INTEGRATION_POINT field has 0 values
  DEBUG: ELEMENT_NODAL field has 13404 values
  DEBUG: Processing 1 instances
  DEBUG: Instance 'PLATE-1' has 2234 elements
  DEBUG: Instance field has 13404 values
  DEBUG: Collected strains for 1196 nodes
  ✓ Saved 1196 nodal strain values
[343/500] Processing Plate_406.odb...
  DEBUG: Available steps: ['Step-1']
  DEBUG: Using step: Step-1, frames: 2
  DEBUG: Available field outputs: ['E']
  DEBUG: Strain field has 13404 values
  DEBUG: Checking available positions...
  DEBUG: Total transformed field values: 13404
  DEBUG: INTEGRATION_POINT field has 0 values
  DEBUG: ELEMENT_NODAL field has 13404 values
  DEBUG: Processing 1 instances
  DEBUG: Instance 'PLATE-1' has 2234 elements
  DEBUG: Instance field has 13404 values
  DEBUG: Collected strains for 1196 nodes
  ✓ Saved 1196 nodal strain values
[344/500] Processing Plate_407.odb...
  DEBUG: Available steps: ['Step-1']
  DEBUG: Using step: Step-1, frames: 2
  DEBUG: Available field outputs: ['E']
  DEBUG: Strain field has 13404 values
  DEBUG: Checking available positions...
  DEBUG: Total transformed field values: 13404
  DEBUG: INTEGRATION_POINT field has 0 values
  DEBUG: ELEMENT_NODAL field has 13404 values
  DEBUG: Processing 1 instances
  DEBUG: Instance 'PLATE-1' has 2234 elements
  DEBUG: Instance field has 13404 values
  DEBUG: Collected strains for 1196 nodes
  ✓ Saved 1196 nodal strain values
[345/500] Processing Plate_408.odb...
  DEBUG: Available steps: ['Step-1']
  DEBUG: Using step: Step-1, frames: 2
  DEBUG: Available field outputs: ['E']
  DEBUG: Strain field has 13404 values
  DEBUG: Checking available positions...
  DEBUG: Total transformed field values: 13404
  DEBUG: INTEGRATION_POINT field has 0 values
  DEBUG: ELEMENT_NODAL field has 13404 values
  DEBUG: Processing 1 instances
  DEBUG: Instance 'PLATE-1' has 2234 elements
  DEBUG: Instance field has 13404 values
  DEBUG: Collected strains for 1196 nodes
  ✓ Saved 1196 nodal strain values
[346/500] Processing Plate_409.odb...
  DEBUG: Available steps: ['Step-1']
  DEBUG: Using step: Step-1, frames: 2
  DEBUG: Available field outputs: ['E']
  DEBUG: Strain field has 13404 values
  DEBUG: Checking available positions...
  DEBUG: Total transformed field values: 13404
  DEBUG: INTEGRATION_POINT field has 0 values
  DEBUG: ELEMENT_NODAL field has 13404 values
  DEBUG: Processing 1 instances
  DEBUG: Instance 'PLATE-1' has 2234 elements
  DEBUG: Instance field has 13404 values
  DEBUG: Collected strains for 1196 nodes
  ✓ Saved 1196 nodal strain values
[347/500] Processing Plate_41.odb...
  DEBUG: Available steps: ['Step-1']
  DEBUG: Using step: Step-1, frames: 2
  DEBUG: Available field outputs: ['E']
  DEBUG: Strain field has 13824 values
  DEBUG: Checking available positions...
  DEBUG: Total transformed field values: 13824
  DEBUG: INTEGRATION_POINT field has 0 values
  DEBUG: ELEMENT_NODAL field has 13824 values
  DEBUG: Processing 1 instances
  DEBUG: Instance 'PLATE-1' has 2304 elements
  DEBUG: Instance field has 13824 values
  DEBUG: Collected strains for 1231 nodes
  ✓ Saved 1231 nodal strain values
[348/500] Processing Plate_410.odb...
  DEBUG: Available steps: ['Step-1']
  DEBUG: Using step: Step-1, frames: 2
  DEBUG: Available field outputs: ['E']
  DEBUG: Strain field has 13404 values
  DEBUG: Checking available positions...
  DEBUG: Total transformed field values: 13404
  DEBUG: INTEGRATION_POINT field has 0 values
  DEBUG: ELEMENT_NODAL field has 13404 values
  DEBUG: Processing 1 instances
  DEBUG: Instance 'PLATE-1' has 2234 elements
  DEBUG: Instance field has 13404 values
  DEBUG: Collected strains for 1196 nodes
  ✓ Saved 1196 nodal strain values
[349/500] Processing Plate_411.odb...
  DEBUG: Available steps: ['Step-1']
  DEBUG: Using step: Step-1, frames: 2
  DEBUG: Available field outputs: ['E']
  DEBUG: Strain field has 13404 values
  DEBUG: Checking available positions...
  DEBUG: Total transformed field values: 13404
  DEBUG: INTEGRATION_POINT field has 0 values
  DEBUG: ELEMENT_NODAL field has 13404 values
  DEBUG: Processing 1 instances
  DEBUG: Instance 'PLATE-1' has 2234 elements
  DEBUG: Instance field has 13404 values
  DEBUG: Collected strains for 1196 nodes
  ✓ Saved 1196 nodal strain values
[350/500] Processing Plate_412.odb...
  DEBUG: Available steps: ['Step-1']
  DEBUG: Using step: Step-1, frames: 2
  DEBUG: Available field outputs: ['E']
  DEBUG: Strain field has 13404 values
  DEBUG: Checking available positions...
  DEBUG: Total transformed field values: 13404
  DEBUG: INTEGRATION_POINT field has 0 values
  DEBUG: ELEMENT_NODAL field has 13404 values
  DEBUG: Processing 1 instances
  DEBUG: Instance 'PLATE-1' has 2234 elements
  DEBUG: Instance field has 13404 values
  DEBUG: Collected strains for 1196 nodes
  ✓ Saved 1196 nodal strain values
[351/500] Processing Plate_413.odb...
  DEBUG: Available steps: ['Step-1']
  DEBUG: Using step: Step-1, frames: 2
  DEBUG: Available field outputs: ['E']
  DEBUG: Strain field has 13404 values
  DEBUG: Checking available positions...
  DEBUG: Total transformed field values: 13404
  DEBUG: INTEGRATION_POINT field has 0 values
  DEBUG: ELEMENT_NODAL field has 13404 values
  DEBUG: Processing 1 instances
  DEBUG: Instance 'PLATE-1' has 2234 elements
  DEBUG: Instance field has 13404 values
  DEBUG: Collected strains for 1196 nodes
  ✓ Saved 1196 nodal strain values
[352/500] Processing Plate_414.odb...
  DEBUG: Available steps: ['Step-1']
  DEBUG: Using step: Step-1, frames: 2
  DEBUG: Available field outputs: ['E']
  DEBUG: Strain field has 13404 values
  DEBUG: Checking available positions...
  DEBUG: Total transformed field values: 13404
  DEBUG: INTEGRATION_POINT field has 0 values
  DEBUG: ELEMENT_NODAL field has 13404 values
  DEBUG: Processing 1 instances
  DEBUG: Instance 'PLATE-1' has 2234 elements
  DEBUG: Instance field has 13404 values
  DEBUG: Collected strains for 1196 nodes
  ✓ Saved 1196 nodal strain values
[353/500] Processing Plate_415.odb...
  DEBUG: Available steps: ['Step-1']
  DEBUG: Using step: Step-1, frames: 2
  DEBUG: Available field outputs: ['E']
  DEBUG: Strain field has 13404 values
  DEBUG: Checking available positions...
  DEBUG: Total transformed field values: 13404
  DEBUG: INTEGRATION_POINT field has 0 values
  DEBUG: ELEMENT_NODAL field has 13404 values
  DEBUG: Processing 1 instances
  DEBUG: Instance 'PLATE-1' has 2234 elements
  DEBUG: Instance field has 13404 values
  DEBUG: Collected strains for 1196 nodes
  ✓ Saved 1196 nodal strain values
[354/500] Processing Plate_416.odb...
  DEBUG: Available steps: ['Step-1']
  DEBUG: Using step: Step-1, frames: 2
  DEBUG: Available field outputs: ['E']
  DEBUG: Strain field has 13404 values
  DEBUG: Checking available positions...
  DEBUG: Total transformed field values: 13404
  DEBUG: INTEGRATION_POINT field has 0 values
  DEBUG: ELEMENT_NODAL field has 13404 values
  DEBUG: Processing 1 instances
  DEBUG: Instance 'PLATE-1' has 2234 elements
  DEBUG: Instance field has 13404 values
  DEBUG: Collected strains for 1196 nodes
  ✓ Saved 1196 nodal strain values
[355/500] Processing Plate_417.odb...
  DEBUG: Available steps: ['Step-1']
  DEBUG: Using step: Step-1, frames: 2
  DEBUG: Available field outputs: ['E']
  DEBUG: Strain field has 13404 values
  DEBUG: Checking available positions...
  DEBUG: Total transformed field values: 13404
  DEBUG: INTEGRATION_POINT field has 0 values
  DEBUG: ELEMENT_NODAL field has 13404 values
  DEBUG: Processing 1 instances
  DEBUG: Instance 'PLATE-1' has 2234 elements
  DEBUG: Instance field has 13404 values
  DEBUG: Collected strains for 1196 nodes
  ✓ Saved 1196 nodal strain values
[356/500] Processing Plate_418.odb...
  DEBUG: Available steps: ['Step-1']
  DEBUG: Using step: Step-1, frames: 2
  DEBUG: Available field outputs: ['E']
  DEBUG: Strain field has 13404 values
  DEBUG: Checking available positions...
  DEBUG: Total transformed field values: 13404
  DEBUG: INTEGRATION_POINT field has 0 values
  DEBUG: ELEMENT_NODAL field has 13404 values
  DEBUG: Processing 1 instances
  DEBUG: Instance 'PLATE-1' has 2234 elements
  DEBUG: Instance field has 13404 values
  DEBUG: Collected strains for 1196 nodes
  ✓ Saved 1196 nodal strain values
[357/500] Processing Plate_419.odb...
  DEBUG: Available steps: ['Step-1']
  DEBUG: Using step: Step-1, frames: 2
  DEBUG: Available field outputs: ['E']
  DEBUG: Strain field has 13404 values
  DEBUG: Checking available positions...
  DEBUG: Total transformed field values: 13404
  DEBUG: INTEGRATION_POINT field has 0 values
  DEBUG: ELEMENT_NODAL field has 13404 values
  DEBUG: Processing 1 instances
  DEBUG: Instance 'PLATE-1' has 2234 elements
  DEBUG: Instance field has 13404 values
  DEBUG: Collected strains for 1196 nodes
  ✓ Saved 1196 nodal strain values
[358/500] Processing Plate_42.odb...
  DEBUG: Available steps: ['Step-1']
  DEBUG: Using step: Step-1, frames: 2
  DEBUG: Available field outputs: ['E']
  DEBUG: Strain field has 13824 values
  DEBUG: Checking available positions...
  DEBUG: Total transformed field values: 13824
  DEBUG: INTEGRATION_POINT field has 0 values
  DEBUG: ELEMENT_NODAL field has 13824 values
  DEBUG: Processing 1 instances
  DEBUG: Instance 'PLATE-1' has 2304 elements
  DEBUG: Instance field has 13824 values
  DEBUG: Collected strains for 1231 nodes
  ✓ Saved 1231 nodal strain values
[359/500] Processing Plate_420.odb...
  DEBUG: Available steps: ['Step-1']
  DEBUG: Using step: Step-1, frames: 2
  DEBUG: Available field outputs: ['E']
  DEBUG: Strain field has 13860 values
  DEBUG: Checking available positions...
  DEBUG: Total transformed field values: 13860
  DEBUG: INTEGRATION_POINT field has 0 values
  DEBUG: ELEMENT_NODAL field has 13860 values
  DEBUG: Processing 1 instances
  DEBUG: Instance 'PLATE-1' has 2310 elements
  DEBUG: Instance field has 13860 values
  DEBUG: Collected strains for 1232 nodes
  ✓ Saved 1232 nodal strain values
[360/500] Processing Plate_421.odb...
  DEBUG: Available steps: ['Step-1']
  DEBUG: Using step: Step-1, frames: 2
  DEBUG: Available field outputs: ['E']
  DEBUG: Strain field has 13860 values
  DEBUG: Checking available positions...
  DEBUG: Total transformed field values: 13860
  DEBUG: INTEGRATION_POINT field has 0 values
  DEBUG: ELEMENT_NODAL field has 13860 values
  DEBUG: Processing 1 instances
  DEBUG: Instance 'PLATE-1' has 2310 elements
  DEBUG: Instance field has 13860 values
  DEBUG: Collected strains for 1232 nodes
  ✓ Saved 1232 nodal strain values
[361/500] Processing Plate_422.odb...
  DEBUG: Available steps: ['Step-1']
  DEBUG: Using step: Step-1, frames: 2
  DEBUG: Available field outputs: ['E']
  DEBUG: Strain field has 13860 values
  DEBUG: Checking available positions...
  DEBUG: Total transformed field values: 13860
  DEBUG: INTEGRATION_POINT field has 0 values
  DEBUG: ELEMENT_NODAL field has 13860 values
  DEBUG: Processing 1 instances
  DEBUG: Instance 'PLATE-1' has 2310 elements
  DEBUG: Instance field has 13860 values
  DEBUG: Collected strains for 1232 nodes
  ✓ Saved 1232 nodal strain values
[362/500] Processing Plate_423.odb...
  DEBUG: Available steps: ['Step-1']
  DEBUG: Using step: Step-1, frames: 2
  DEBUG: Available field outputs: ['E']
  DEBUG: Strain field has 13860 values
  DEBUG: Checking available positions...
  DEBUG: Total transformed field values: 13860
  DEBUG: INTEGRATION_POINT field has 0 values
  DEBUG: ELEMENT_NODAL field has 13860 values
  DEBUG: Processing 1 instances
  DEBUG: Instance 'PLATE-1' has 2310 elements
  DEBUG: Instance field has 13860 values
  DEBUG: Collected strains for 1232 nodes
  ✓ Saved 1232 nodal strain values
[363/500] Processing Plate_424.odb...
  DEBUG: Available steps: ['Step-1']
  DEBUG: Using step: Step-1, frames: 2
  DEBUG: Available field outputs: ['E']
  DEBUG: Strain field has 13860 values
  DEBUG: Checking available positions...
  DEBUG: Total transformed field values: 13860
  DEBUG: INTEGRATION_POINT field has 0 values
  DEBUG: ELEMENT_NODAL field has 13860 values
  DEBUG: Processing 1 instances
  DEBUG: Instance 'PLATE-1' has 2310 elements
  DEBUG: Instance field has 13860 values
  DEBUG: Collected strains for 1232 nodes
  ✓ Saved 1232 nodal strain values
[364/500] Processing Plate_425.odb...
  DEBUG: Available steps: ['Step-1']
  DEBUG: Using step: Step-1, frames: 2
  DEBUG: Available field outputs: ['E']
  DEBUG: Strain field has 13860 values
  DEBUG: Checking available positions...
  DEBUG: Total transformed field values: 13860
  DEBUG: INTEGRATION_POINT field has 0 values
  DEBUG: ELEMENT_NODAL field has 13860 values
  DEBUG: Processing 1 instances
  DEBUG: Instance 'PLATE-1' has 2310 elements
  DEBUG: Instance field has 13860 values
  DEBUG: Collected strains for 1232 nodes
  ✓ Saved 1232 nodal strain values
[365/500] Processing Plate_426.odb...
  DEBUG: Available steps: ['Step-1']
  DEBUG: Using step: Step-1, frames: 2
  DEBUG: Available field outputs: ['E']
  DEBUG: Strain field has 13860 values
  DEBUG: Checking available positions...
  DEBUG: Total transformed field values: 13860
  DEBUG: INTEGRATION_POINT field has 0 values
  DEBUG: ELEMENT_NODAL field has 13860 values
  DEBUG: Processing 1 instances
  DEBUG: Instance 'PLATE-1' has 2310 elements
  DEBUG: Instance field has 13860 values
  DEBUG: Collected strains for 1232 nodes
  ✓ Saved 1232 nodal strain values
[366/500] Processing Plate_427.odb...
  DEBUG: Available steps: ['Step-1']
  DEBUG: Using step: Step-1, frames: 2
  DEBUG: Available field outputs: ['E']
  DEBUG: Strain field has 13860 values
  DEBUG: Checking available positions...
  DEBUG: Total transformed field values: 13860
  DEBUG: INTEGRATION_POINT field has 0 values
  DEBUG: ELEMENT_NODAL field has 13860 values
  DEBUG: Processing 1 instances
  DEBUG: Instance 'PLATE-1' has 2310 elements
  DEBUG: Instance field has 13860 values
  DEBUG: Collected strains for 1232 nodes
  ✓ Saved 1232 nodal strain values
[367/500] Processing Plate_428.odb...
  DEBUG: Available steps: ['Step-1']
  DEBUG: Using step: Step-1, frames: 2
  DEBUG: Available field outputs: ['E']
  DEBUG: Strain field has 13860 values
  DEBUG: Checking available positions...
  DEBUG: Total transformed field values: 13860
  DEBUG: INTEGRATION_POINT field has 0 values
  DEBUG: ELEMENT_NODAL field has 13860 values
  DEBUG: Processing 1 instances
  DEBUG: Instance 'PLATE-1' has 2310 elements
  DEBUG: Instance field has 13860 values
  DEBUG: Collected strains for 1232 nodes
  ✓ Saved 1232 nodal strain values
[368/500] Processing Plate_429.odb...
  DEBUG: Available steps: ['Step-1']
  DEBUG: Using step: Step-1, frames: 2
  DEBUG: Available field outputs: ['E']
  DEBUG: Strain field has 13860 values
  DEBUG: Checking available positions...
  DEBUG: Total transformed field values: 13860
  DEBUG: INTEGRATION_POINT field has 0 values
  DEBUG: ELEMENT_NODAL field has 13860 values
  DEBUG: Processing 1 instances
  DEBUG: Instance 'PLATE-1' has 2310 elements
  DEBUG: Instance field has 13860 values
  DEBUG: Collected strains for 1232 nodes
  ✓ Saved 1232 nodal strain values
[369/500] Processing Plate_43.odb...
  DEBUG: Available steps: ['Step-1']
  DEBUG: Using step: Step-1, frames: 2
  DEBUG: Available field outputs: ['E']
  DEBUG: Strain field has 13824 values
  DEBUG: Checking available positions...
  DEBUG: Total transformed field values: 13824
  DEBUG: INTEGRATION_POINT field has 0 values
  DEBUG: ELEMENT_NODAL field has 13824 values
  DEBUG: Processing 1 instances
  DEBUG: Instance 'PLATE-1' has 2304 elements
  DEBUG: Instance field has 13824 values
  DEBUG: Collected strains for 1231 nodes
  ✓ Saved 1231 nodal strain values
[370/500] Processing Plate_430.odb...
  DEBUG: Available steps: ['Step-1']
  DEBUG: Using step: Step-1, frames: 2
  DEBUG: Available field outputs: ['E']
  DEBUG: Strain field has 13860 values
  DEBUG: Checking available positions...
  DEBUG: Total transformed field values: 13860
  DEBUG: INTEGRATION_POINT field has 0 values
  DEBUG: ELEMENT_NODAL field has 13860 values
  DEBUG: Processing 1 instances
  DEBUG: Instance 'PLATE-1' has 2310 elements
  DEBUG: Instance field has 13860 values
  DEBUG: Collected strains for 1232 nodes
  ✓ Saved 1232 nodal strain values
[371/500] Processing Plate_431.odb...
  DEBUG: Available steps: ['Step-1']
  DEBUG: Using step: Step-1, frames: 2
  DEBUG: Available field outputs: ['E']
  DEBUG: Strain field has 13860 values
  DEBUG: Checking available positions...
  DEBUG: Total transformed field values: 13860
  DEBUG: INTEGRATION_POINT field has 0 values
  DEBUG: ELEMENT_NODAL field has 13860 values
  DEBUG: Processing 1 instances
  DEBUG: Instance 'PLATE-1' has 2310 elements
  DEBUG: Instance field has 13860 values
  DEBUG: Collected strains for 1232 nodes
  ✓ Saved 1232 nodal strain values
[372/500] Processing Plate_432.odb...
  DEBUG: Available steps: ['Step-1']
  DEBUG: Using step: Step-1, frames: 2
  DEBUG: Available field outputs: ['E']
  DEBUG: Strain field has 13860 values
  DEBUG: Checking available positions...
  DEBUG: Total transformed field values: 13860
  DEBUG: INTEGRATION_POINT field has 0 values
  DEBUG: ELEMENT_NODAL field has 13860 values
  DEBUG: Processing 1 instances
  DEBUG: Instance 'PLATE-1' has 2310 elements
  DEBUG: Instance field has 13860 values
  DEBUG: Collected strains for 1232 nodes
  ✓ Saved 1232 nodal strain values
[373/500] Processing Plate_433.odb...
  DEBUG: Available steps: ['Step-1']
  DEBUG: Using step: Step-1, frames: 2
  DEBUG: Available field outputs: ['E']
  DEBUG: Strain field has 13860 values
  DEBUG: Checking available positions...
  DEBUG: Total transformed field values: 13860
  DEBUG: INTEGRATION_POINT field has 0 values
  DEBUG: ELEMENT_NODAL field has 13860 values
  DEBUG: Processing 1 instances
  DEBUG: Instance 'PLATE-1' has 2310 elements
  DEBUG: Instance field has 13860 values
  DEBUG: Collected strains for 1232 nodes
  ✓ Saved 1232 nodal strain values
[374/500] Processing Plate_434.odb...
  DEBUG: Available steps: ['Step-1']
  DEBUG: Using step: Step-1, frames: 2
  DEBUG: Available field outputs: ['E']
  DEBUG: Strain field has 13860 values
  DEBUG: Checking available positions...
  DEBUG: Total transformed field values: 13860
  DEBUG: INTEGRATION_POINT field has 0 values
  DEBUG: ELEMENT_NODAL field has 13860 values
  DEBUG: Processing 1 instances
  DEBUG: Instance 'PLATE-1' has 2310 elements
  DEBUG: Instance field has 13860 values
  DEBUG: Collected strains for 1232 nodes
  ✓ Saved 1232 nodal strain values
[375/500] Processing Plate_435.odb...
  DEBUG: Available steps: ['Step-1']
  DEBUG: Using step: Step-1, frames: 2
  DEBUG: Available field outputs: ['E']
  DEBUG: Strain field has 13860 values
  DEBUG: Checking available positions...
  DEBUG: Total transformed field values: 13860
  DEBUG: INTEGRATION_POINT field has 0 values
  DEBUG: ELEMENT_NODAL field has 13860 values
  DEBUG: Processing 1 instances
  DEBUG: Instance 'PLATE-1' has 2310 elements
  DEBUG: Instance field has 13860 values
  DEBUG: Collected strains for 1232 nodes
  ✓ Saved 1232 nodal strain values
[376/500] Processing Plate_436.odb...
  DEBUG: Available steps: ['Step-1']
  DEBUG: Using step: Step-1, frames: 2
  DEBUG: Available field outputs: ['E']
  DEBUG: Strain field has 13860 values
  DEBUG: Checking available positions...
  DEBUG: Total transformed field values: 13860
  DEBUG: INTEGRATION_POINT field has 0 values
  DEBUG: ELEMENT_NODAL field has 13860 values
  DEBUG: Processing 1 instances
  DEBUG: Instance 'PLATE-1' has 2310 elements
  DEBUG: Instance field has 13860 values
  DEBUG: Collected strains for 1232 nodes
  ✓ Saved 1232 nodal strain values
[377/500] Processing Plate_437.odb...
  DEBUG: Available steps: ['Step-1']
  DEBUG: Using step: Step-1, frames: 2
  DEBUG: Available field outputs: ['E']
  DEBUG: Strain field has 13860 values
  DEBUG: Checking available positions...
  DEBUG: Total transformed field values: 13860
  DEBUG: INTEGRATION_POINT field has 0 values
  DEBUG: ELEMENT_NODAL field has 13860 values
  DEBUG: Processing 1 instances
  DEBUG: Instance 'PLATE-1' has 2310 elements
  DEBUG: Instance field has 13860 values
  DEBUG: Collected strains for 1232 nodes
  ✓ Saved 1232 nodal strain values
[378/500] Processing Plate_438.odb...
  DEBUG: Available steps: ['Step-1']
  DEBUG: Using step: Step-1, frames: 2
  DEBUG: Available field outputs: ['E']
  DEBUG: Strain field has 13860 values
  DEBUG: Checking available positions...
  DEBUG: Total transformed field values: 13860
  DEBUG: INTEGRATION_POINT field has 0 values
  DEBUG: ELEMENT_NODAL field has 13860 values
  DEBUG: Processing 1 instances
  DEBUG: Instance 'PLATE-1' has 2310 elements
  DEBUG: Instance field has 13860 values
  DEBUG: Collected strains for 1232 nodes
  ✓ Saved 1232 nodal strain values
[379/500] Processing Plate_439.odb...
  DEBUG: Available steps: ['Step-1']
  DEBUG: Using step: Step-1, frames: 2
  DEBUG: Available field outputs: ['E']
  DEBUG: Strain field has 13860 values
  DEBUG: Checking available positions...
  DEBUG: Total transformed field values: 13860
  DEBUG: INTEGRATION_POINT field has 0 values
  DEBUG: ELEMENT_NODAL field has 13860 values
  DEBUG: Processing 1 instances
  DEBUG: Instance 'PLATE-1' has 2310 elements
  DEBUG: Instance field has 13860 values
  DEBUG: Collected strains for 1232 nodes
  ✓ Saved 1232 nodal strain values
[380/500] Processing Plate_44.odb...
  DEBUG: Available steps: ['Step-1']
  DEBUG: Using step: Step-1, frames: 2
  DEBUG: Available field outputs: ['E']
  DEBUG: Strain field has 13824 values
  DEBUG: Checking available positions...
  DEBUG: Total transformed field values: 13824
  DEBUG: INTEGRATION_POINT field has 0 values
  DEBUG: ELEMENT_NODAL field has 13824 values
  DEBUG: Processing 1 instances
  DEBUG: Instance 'PLATE-1' has 2304 elements
  DEBUG: Instance field has 13824 values
  DEBUG: Collected strains for 1231 nodes
  ✓ Saved 1231 nodal strain values
[381/500] Processing Plate_440.odb...
  DEBUG: Available steps: ['Step-1']
  DEBUG: Using step: Step-1, frames: 2
  DEBUG: Available field outputs: ['E']
  DEBUG: Strain field has 13872 values
  DEBUG: Checking available positions...
  DEBUG: Total transformed field values: 13872
  DEBUG: INTEGRATION_POINT field has 0 values
  DEBUG: ELEMENT_NODAL field has 13872 values
  DEBUG: Processing 1 instances
  DEBUG: Instance 'PLATE-1' has 2312 elements
  DEBUG: Instance field has 13872 values
  DEBUG: Collected strains for 1229 nodes
  ✓ Saved 1229 nodal strain values
[382/500] Processing Plate_441.odb...
  DEBUG: Available steps: ['Step-1']
  DEBUG: Using step: Step-1, frames: 2
  DEBUG: Available field outputs: ['E']
  DEBUG: Strain field has 13872 values
  DEBUG: Checking available positions...
  DEBUG: Total transformed field values: 13872
  DEBUG: INTEGRATION_POINT field has 0 values
  DEBUG: ELEMENT_NODAL field has 13872 values
  DEBUG: Processing 1 instances
  DEBUG: Instance 'PLATE-1' has 2312 elements
  DEBUG: Instance field has 13872 values
  DEBUG: Collected strains for 1229 nodes
  ✓ Saved 1229 nodal strain values
[383/500] Processing Plate_442.odb...
  DEBUG: Available steps: ['Step-1']
  DEBUG: Using step: Step-1, frames: 2
  DEBUG: Available field outputs: ['E']
  DEBUG: Strain field has 13872 values
  DEBUG: Checking available positions...
  DEBUG: Total transformed field values: 13872
  DEBUG: INTEGRATION_POINT field has 0 values
  DEBUG: ELEMENT_NODAL field has 13872 values
  DEBUG: Processing 1 instances
  DEBUG: Instance 'PLATE-1' has 2312 elements
  DEBUG: Instance field has 13872 values
  DEBUG: Collected strains for 1229 nodes
  ✓ Saved 1229 nodal strain values
[384/500] Processing Plate_443.odb...
  DEBUG: Available steps: ['Step-1']
  DEBUG: Using step: Step-1, frames: 2
  DEBUG: Available field outputs: ['E']
  DEBUG: Strain field has 13872 values
  DEBUG: Checking available positions...
  DEBUG: Total transformed field values: 13872
  DEBUG: INTEGRATION_POINT field has 0 values
  DEBUG: ELEMENT_NODAL field has 13872 values
  DEBUG: Processing 1 instances
  DEBUG: Instance 'PLATE-1' has 2312 elements
  DEBUG: Instance field has 13872 values
  DEBUG: Collected strains for 1229 nodes
  ✓ Saved 1229 nodal strain values
[385/500] Processing Plate_444.odb...
  DEBUG: Available steps: ['Step-1']
  DEBUG: Using step: Step-1, frames: 2
  DEBUG: Available field outputs: ['E']
  DEBUG: Strain field has 13872 values
  DEBUG: Checking available positions...
  DEBUG: Total transformed field values: 13872
  DEBUG: INTEGRATION_POINT field has 0 values
  DEBUG: ELEMENT_NODAL field has 13872 values
  DEBUG: Processing 1 instances
  DEBUG: Instance 'PLATE-1' has 2312 elements
  DEBUG: Instance field has 13872 values
  DEBUG: Collected strains for 1229 nodes
  ✓ Saved 1229 nodal strain values
[386/500] Processing Plate_445.odb...
  DEBUG: Available steps: ['Step-1']
  DEBUG: Using step: Step-1, frames: 2
  DEBUG: Available field outputs: ['E']
  DEBUG: Strain field has 13872 values
  DEBUG: Checking available positions...
  DEBUG: Total transformed field values: 13872
  DEBUG: INTEGRATION_POINT field has 0 values
  DEBUG: ELEMENT_NODAL field has 13872 values
  DEBUG: Processing 1 instances
  DEBUG: Instance 'PLATE-1' has 2312 elements
  DEBUG: Instance field has 13872 values
  DEBUG: Collected strains for 1229 nodes
  ✓ Saved 1229 nodal strain values
[387/500] Processing Plate_446.odb...
  DEBUG: Available steps: ['Step-1']
  DEBUG: Using step: Step-1, frames: 2
  DEBUG: Available field outputs: ['E']
  DEBUG: Strain field has 13872 values
  DEBUG: Checking available positions...
  DEBUG: Total transformed field values: 13872
  DEBUG: INTEGRATION_POINT field has 0 values
  DEBUG: ELEMENT_NODAL field has 13872 values
  DEBUG: Processing 1 instances
  DEBUG: Instance 'PLATE-1' has 2312 elements
  DEBUG: Instance field has 13872 values
  DEBUG: Collected strains for 1229 nodes
  ✓ Saved 1229 nodal strain values
[388/500] Processing Plate_447.odb...
  DEBUG: Available steps: ['Step-1']
  DEBUG: Using step: Step-1, frames: 2
  DEBUG: Available field outputs: ['E']
  DEBUG: Strain field has 13872 values
  DEBUG: Checking available positions...
  DEBUG: Total transformed field values: 13872
  DEBUG: INTEGRATION_POINT field has 0 values
  DEBUG: ELEMENT_NODAL field has 13872 values
  DEBUG: Processing 1 instances
  DEBUG: Instance 'PLATE-1' has 2312 elements
  DEBUG: Instance field has 13872 values
  DEBUG: Collected strains for 1229 nodes
  ✓ Saved 1229 nodal strain values
[389/500] Processing Plate_448.odb...
  DEBUG: Available steps: ['Step-1']
  DEBUG: Using step: Step-1, frames: 2
  DEBUG: Available field outputs: ['E']
  DEBUG: Strain field has 13872 values
  DEBUG: Checking available positions...
  DEBUG: Total transformed field values: 13872
  DEBUG: INTEGRATION_POINT field has 0 values
  DEBUG: ELEMENT_NODAL field has 13872 values
  DEBUG: Processing 1 instances
  DEBUG: Instance 'PLATE-1' has 2312 elements
  DEBUG: Instance field has 13872 values
  DEBUG: Collected strains for 1229 nodes
  ✓ Saved 1229 nodal strain values
[390/500] Processing Plate_449.odb...
  DEBUG: Available steps: ['Step-1']
  DEBUG: Using step: Step-1, frames: 2
  DEBUG: Available field outputs: ['E']
  DEBUG: Strain field has 13872 values
  DEBUG: Checking available positions...
  DEBUG: Total transformed field values: 13872
  DEBUG: INTEGRATION_POINT field has 0 values
  DEBUG: ELEMENT_NODAL field has 13872 values
  DEBUG: Processing 1 instances
  DEBUG: Instance 'PLATE-1' has 2312 elements
  DEBUG: Instance field has 13872 values
  DEBUG: Collected strains for 1229 nodes
  ✓ Saved 1229 nodal strain values
[391/500] Processing Plate_45.odb...
  DEBUG: Available steps: ['Step-1']
  DEBUG: Using step: Step-1, frames: 2
  DEBUG: Available field outputs: ['E']
  DEBUG: Strain field has 13824 values
  DEBUG: Checking available positions...
  DEBUG: Total transformed field values: 13824
  DEBUG: INTEGRATION_POINT field has 0 values
  DEBUG: ELEMENT_NODAL field has 13824 values
  DEBUG: Processing 1 instances
  DEBUG: Instance 'PLATE-1' has 2304 elements
  DEBUG: Instance field has 13824 values
  DEBUG: Collected strains for 1231 nodes
  ✓ Saved 1231 nodal strain values
[392/500] Processing Plate_450.odb...
  DEBUG: Available steps: ['Step-1']
  DEBUG: Using step: Step-1, frames: 2
  DEBUG: Available field outputs: ['E']
  DEBUG: Strain field has 13872 values
  DEBUG: Checking available positions...
  DEBUG: Total transformed field values: 13872
  DEBUG: INTEGRATION_POINT field has 0 values
  DEBUG: ELEMENT_NODAL field has 13872 values
  DEBUG: Processing 1 instances
  DEBUG: Instance 'PLATE-1' has 2312 elements
  DEBUG: Instance field has 13872 values
  DEBUG: Collected strains for 1229 nodes
  ✓ Saved 1229 nodal strain values
[393/500] Processing Plate_451.odb...
  DEBUG: Available steps: ['Step-1']
  DEBUG: Using step: Step-1, frames: 2
  DEBUG: Available field outputs: ['E']
  DEBUG: Strain field has 13872 values
  DEBUG: Checking available positions...
  DEBUG: Total transformed field values: 13872
  DEBUG: INTEGRATION_POINT field has 0 values
  DEBUG: ELEMENT_NODAL field has 13872 values
  DEBUG: Processing 1 instances
  DEBUG: Instance 'PLATE-1' has 2312 elements
  DEBUG: Instance field has 13872 values
  DEBUG: Collected strains for 1229 nodes
  ✓ Saved 1229 nodal strain values
[394/500] Processing Plate_452.odb...
  DEBUG: Available steps: ['Step-1']
  DEBUG: Using step: Step-1, frames: 2
  DEBUG: Available field outputs: ['E']
  DEBUG: Strain field has 13872 values
  DEBUG: Checking available positions...
  DEBUG: Total transformed field values: 13872
  DEBUG: INTEGRATION_POINT field has 0 values
  DEBUG: ELEMENT_NODAL field has 13872 values
  DEBUG: Processing 1 instances
  DEBUG: Instance 'PLATE-1' has 2312 elements
  DEBUG: Instance field has 13872 values
  DEBUG: Collected strains for 1229 nodes
  ✓ Saved 1229 nodal strain values
[395/500] Processing Plate_453.odb...
  DEBUG: Available steps: ['Step-1']
  DEBUG: Using step: Step-1, frames: 2
  DEBUG: Available field outputs: ['E']
  DEBUG: Strain field has 13872 values
  DEBUG: Checking available positions...
  DEBUG: Total transformed field values: 13872
  DEBUG: INTEGRATION_POINT field has 0 values
  DEBUG: ELEMENT_NODAL field has 13872 values
  DEBUG: Processing 1 instances
  DEBUG: Instance 'PLATE-1' has 2312 elements
  DEBUG: Instance field has 13872 values
  DEBUG: Collected strains for 1229 nodes
  ✓ Saved 1229 nodal strain values
[396/500] Processing Plate_454.odb...
  DEBUG: Available steps: ['Step-1']
  DEBUG: Using step: Step-1, frames: 2
  DEBUG: Available field outputs: ['E']
  DEBUG: Strain field has 13872 values
  DEBUG: Checking available positions...
  DEBUG: Total transformed field values: 13872
  DEBUG: INTEGRATION_POINT field has 0 values
  DEBUG: ELEMENT_NODAL field has 13872 values
  DEBUG: Processing 1 instances
  DEBUG: Instance 'PLATE-1' has 2312 elements
  DEBUG: Instance field has 13872 values
  DEBUG: Collected strains for 1229 nodes
  ✓ Saved 1229 nodal strain values
[397/500] Processing Plate_455.odb...
  DEBUG: Available steps: ['Step-1']
  DEBUG: Using step: Step-1, frames: 2
  DEBUG: Available field outputs: ['E']
  DEBUG: Strain field has 13872 values
  DEBUG: Checking available positions...
  DEBUG: Total transformed field values: 13872
  DEBUG: INTEGRATION_POINT field has 0 values
  DEBUG: ELEMENT_NODAL field has 13872 values
  DEBUG: Processing 1 instances
  DEBUG: Instance 'PLATE-1' has 2312 elements
  DEBUG: Instance field has 13872 values
  DEBUG: Collected strains for 1229 nodes
  ✓ Saved 1229 nodal strain values
[398/500] Processing Plate_456.odb...
  DEBUG: Available steps: ['Step-1']
  DEBUG: Using step: Step-1, frames: 2
  DEBUG: Available field outputs: ['E']
  DEBUG: Strain field has 13872 values
  DEBUG: Checking available positions...
  DEBUG: Total transformed field values: 13872
  DEBUG: INTEGRATION_POINT field has 0 values
  DEBUG: ELEMENT_NODAL field has 13872 values
  DEBUG: Processing 1 instances
  DEBUG: Instance 'PLATE-1' has 2312 elements
  DEBUG: Instance field has 13872 values
  DEBUG: Collected strains for 1229 nodes
  ✓ Saved 1229 nodal strain values
[399/500] Processing Plate_457.odb...
  DEBUG: Available steps: ['Step-1']
  DEBUG: Using step: Step-1, frames: 2
  DEBUG: Available field outputs: ['E']
  DEBUG: Strain field has 13872 values
  DEBUG: Checking available positions...
  DEBUG: Total transformed field values: 13872
  DEBUG: INTEGRATION_POINT field has 0 values
  DEBUG: ELEMENT_NODAL field has 13872 values
  DEBUG: Processing 1 instances
  DEBUG: Instance 'PLATE-1' has 2312 elements
  DEBUG: Instance field has 13872 values
  DEBUG: Collected strains for 1229 nodes
  ✓ Saved 1229 nodal strain values
[400/500] Processing Plate_458.odb...
  DEBUG: Available steps: ['Step-1']
  DEBUG: Using step: Step-1, frames: 2
  DEBUG: Available field outputs: ['E']
  DEBUG: Strain field has 13872 values
  DEBUG: Checking available positions...
  DEBUG: Total transformed field values: 13872
  DEBUG: INTEGRATION_POINT field has 0 values
  DEBUG: ELEMENT_NODAL field has 13872 values
  DEBUG: Processing 1 instances
  DEBUG: Instance 'PLATE-1' has 2312 elements
  DEBUG: Instance field has 13872 values
  DEBUG: Collected strains for 1229 nodes
  ✓ Saved 1229 nodal strain values
[401/500] Processing Plate_459.odb...
  DEBUG: Available steps: ['Step-1']
  DEBUG: Using step: Step-1, frames: 2
  DEBUG: Available field outputs: ['E']
  DEBUG: Strain field has 13872 values
  DEBUG: Checking available positions...
  DEBUG: Total transformed field values: 13872
  DEBUG: INTEGRATION_POINT field has 0 values
  DEBUG: ELEMENT_NODAL field has 13872 values
  DEBUG: Processing 1 instances
  DEBUG: Instance 'PLATE-1' has 2312 elements
  DEBUG: Instance field has 13872 values
  DEBUG: Collected strains for 1229 nodes
  ✓ Saved 1229 nodal strain values
[402/500] Processing Plate_46.odb...
  DEBUG: Available steps: ['Step-1']
  DEBUG: Using step: Step-1, frames: 2
  DEBUG: Available field outputs: ['E']
  DEBUG: Strain field has 13824 values
  DEBUG: Checking available positions...
  DEBUG: Total transformed field values: 13824
  DEBUG: INTEGRATION_POINT field has 0 values
  DEBUG: ELEMENT_NODAL field has 13824 values
  DEBUG: Processing 1 instances
  DEBUG: Instance 'PLATE-1' has 2304 elements
  DEBUG: Instance field has 13824 values
  DEBUG: Collected strains for 1231 nodes
  ✓ Saved 1231 nodal strain values
[403/500] Processing Plate_460.odb...
  DEBUG: Available steps: ['Step-1']
  DEBUG: Using step: Step-1, frames: 2
  DEBUG: Available field outputs: ['E']
  DEBUG: Strain field has 14040 values
  DEBUG: Checking available positions...
  DEBUG: Total transformed field values: 14040
  DEBUG: INTEGRATION_POINT field has 0 values
  DEBUG: ELEMENT_NODAL field has 14040 values
  DEBUG: Processing 1 instances
  DEBUG: Instance 'PLATE-1' has 2340 elements
  DEBUG: Instance field has 14040 values
  DEBUG: Collected strains for 1241 nodes
  ✓ Saved 1241 nodal strain values
[404/500] Processing Plate_461.odb...
  DEBUG: Available steps: ['Step-1']
  DEBUG: Using step: Step-1, frames: 2
  DEBUG: Available field outputs: ['E']
  DEBUG: Strain field has 14040 values
  DEBUG: Checking available positions...
  DEBUG: Total transformed field values: 14040
  DEBUG: INTEGRATION_POINT field has 0 values
  DEBUG: ELEMENT_NODAL field has 14040 values
  DEBUG: Processing 1 instances
  DEBUG: Instance 'PLATE-1' has 2340 elements
  DEBUG: Instance field has 14040 values
  DEBUG: Collected strains for 1241 nodes
  ✓ Saved 1241 nodal strain values
[405/500] Processing Plate_462.odb...
  DEBUG: Available steps: ['Step-1']
  DEBUG: Using step: Step-1, frames: 2
  DEBUG: Available field outputs: ['E']
  DEBUG: Strain field has 14040 values
  DEBUG: Checking available positions...
  DEBUG: Total transformed field values: 14040
  DEBUG: INTEGRATION_POINT field has 0 values
  DEBUG: ELEMENT_NODAL field has 14040 values
  DEBUG: Processing 1 instances
  DEBUG: Instance 'PLATE-1' has 2340 elements
  DEBUG: Instance field has 14040 values
  DEBUG: Collected strains for 1241 nodes
  ✓ Saved 1241 nodal strain values
[406/500] Processing Plate_463.odb...
  DEBUG: Available steps: ['Step-1']
  DEBUG: Using step: Step-1, frames: 2
  DEBUG: Available field outputs: ['E']
  DEBUG: Strain field has 14040 values
  DEBUG: Checking available positions...
  DEBUG: Total transformed field values: 14040
  DEBUG: INTEGRATION_POINT field has 0 values
  DEBUG: ELEMENT_NODAL field has 14040 values
  DEBUG: Processing 1 instances
  DEBUG: Instance 'PLATE-1' has 2340 elements
  DEBUG: Instance field has 14040 values
  DEBUG: Collected strains for 1241 nodes
  ✓ Saved 1241 nodal strain values
[407/500] Processing Plate_464.odb...
  DEBUG: Available steps: ['Step-1']
  DEBUG: Using step: Step-1, frames: 2
  DEBUG: Available field outputs: ['E']
  DEBUG: Strain field has 14040 values
  DEBUG: Checking available positions...
  DEBUG: Total transformed field values: 14040
  DEBUG: INTEGRATION_POINT field has 0 values
  DEBUG: ELEMENT_NODAL field has 14040 values
  DEBUG: Processing 1 instances
  DEBUG: Instance 'PLATE-1' has 2340 elements
  DEBUG: Instance field has 14040 values
  DEBUG: Collected strains for 1241 nodes
  ✓ Saved 1241 nodal strain values
[408/500] Processing Plate_465.odb...
  DEBUG: Available steps: ['Step-1']
  DEBUG: Using step: Step-1, frames: 2
  DEBUG: Available field outputs: ['E']
  DEBUG: Strain field has 14040 values
  DEBUG: Checking available positions...
  DEBUG: Total transformed field values: 14040
  DEBUG: INTEGRATION_POINT field has 0 values
  DEBUG: ELEMENT_NODAL field has 14040 values
  DEBUG: Processing 1 instances
  DEBUG: Instance 'PLATE-1' has 2340 elements
  DEBUG: Instance field has 14040 values
  DEBUG: Collected strains for 1241 nodes
  ✓ Saved 1241 nodal strain values
[409/500] Processing Plate_466.odb...
  DEBUG: Available steps: ['Step-1']
  DEBUG: Using step: Step-1, frames: 2
  DEBUG: Available field outputs: ['E']
  DEBUG: Strain field has 14040 values
  DEBUG: Checking available positions...
  DEBUG: Total transformed field values: 14040
  DEBUG: INTEGRATION_POINT field has 0 values
  DEBUG: ELEMENT_NODAL field has 14040 values
  DEBUG: Processing 1 instances
  DEBUG: Instance 'PLATE-1' has 2340 elements
  DEBUG: Instance field has 14040 values
  DEBUG: Collected strains for 1241 nodes
  ✓ Saved 1241 nodal strain values
[410/500] Processing Plate_467.odb...
  DEBUG: Available steps: ['Step-1']
  DEBUG: Using step: Step-1, frames: 2
  DEBUG: Available field outputs: ['E']
  DEBUG: Strain field has 14040 values
  DEBUG: Checking available positions...
  DEBUG: Total transformed field values: 14040
  DEBUG: INTEGRATION_POINT field has 0 values
  DEBUG: ELEMENT_NODAL field has 14040 values
  DEBUG: Processing 1 instances
  DEBUG: Instance 'PLATE-1' has 2340 elements
  DEBUG: Instance field has 14040 values
  DEBUG: Collected strains for 1241 nodes
  ✓ Saved 1241 nodal strain values
[411/500] Processing Plate_468.odb...
  DEBUG: Available steps: ['Step-1']
  DEBUG: Using step: Step-1, frames: 2
  DEBUG: Available field outputs: ['E']
  DEBUG: Strain field has 14040 values
  DEBUG: Checking available positions...
  DEBUG: Total transformed field values: 14040
  DEBUG: INTEGRATION_POINT field has 0 values
  DEBUG: ELEMENT_NODAL field has 14040 values
  DEBUG: Processing 1 instances
  DEBUG: Instance 'PLATE-1' has 2340 elements
  DEBUG: Instance field has 14040 values
  DEBUG: Collected strains for 1241 nodes
  ✓ Saved 1241 nodal strain values
[412/500] Processing Plate_469.odb...
  DEBUG: Available steps: ['Step-1']
  DEBUG: Using step: Step-1, frames: 2
  DEBUG: Available field outputs: ['E']
  DEBUG: Strain field has 14040 values
  DEBUG: Checking available positions...
  DEBUG: Total transformed field values: 14040
  DEBUG: INTEGRATION_POINT field has 0 values
  DEBUG: ELEMENT_NODAL field has 14040 values
  DEBUG: Processing 1 instances
  DEBUG: Instance 'PLATE-1' has 2340 elements
  DEBUG: Instance field has 14040 values
  DEBUG: Collected strains for 1241 nodes
  ✓ Saved 1241 nodal strain values
[413/500] Processing Plate_47.odb...
  DEBUG: Available steps: ['Step-1']
  DEBUG: Using step: Step-1, frames: 2
  DEBUG: Available field outputs: ['E']
  DEBUG: Strain field has 13824 values
  DEBUG: Checking available positions...
  DEBUG: Total transformed field values: 13824
  DEBUG: INTEGRATION_POINT field has 0 values
  DEBUG: ELEMENT_NODAL field has 13824 values
  DEBUG: Processing 1 instances
  DEBUG: Instance 'PLATE-1' has 2304 elements
  DEBUG: Instance field has 13824 values
  DEBUG: Collected strains for 1231 nodes
  ✓ Saved 1231 nodal strain values
[414/500] Processing Plate_470.odb...
  DEBUG: Available steps: ['Step-1']
  DEBUG: Using step: Step-1, frames: 2
  DEBUG: Available field outputs: ['E']
  DEBUG: Strain field has 14040 values
  DEBUG: Checking available positions...
  DEBUG: Total transformed field values: 14040
  DEBUG: INTEGRATION_POINT field has 0 values
  DEBUG: ELEMENT_NODAL field has 14040 values
  DEBUG: Processing 1 instances
  DEBUG: Instance 'PLATE-1' has 2340 elements
  DEBUG: Instance field has 14040 values
  DEBUG: Collected strains for 1241 nodes
  ✓ Saved 1241 nodal strain values
[415/500] Processing Plate_471.odb...
  DEBUG: Available steps: ['Step-1']
  DEBUG: Using step: Step-1, frames: 2
  DEBUG: Available field outputs: ['E']
  DEBUG: Strain field has 14040 values
  DEBUG: Checking available positions...
  DEBUG: Total transformed field values: 14040
  DEBUG: INTEGRATION_POINT field has 0 values
  DEBUG: ELEMENT_NODAL field has 14040 values
  DEBUG: Processing 1 instances
  DEBUG: Instance 'PLATE-1' has 2340 elements
  DEBUG: Instance field has 14040 values
  DEBUG: Collected strains for 1241 nodes
  ✓ Saved 1241 nodal strain values
[416/500] Processing Plate_472.odb...
  DEBUG: Available steps: ['Step-1']
  DEBUG: Using step: Step-1, frames: 2
  DEBUG: Available field outputs: ['E']
  DEBUG: Strain field has 14040 values
  DEBUG: Checking available positions...
  DEBUG: Total transformed field values: 14040
  DEBUG: INTEGRATION_POINT field has 0 values
  DEBUG: ELEMENT_NODAL field has 14040 values
  DEBUG: Processing 1 instances
  DEBUG: Instance 'PLATE-1' has 2340 elements
  DEBUG: Instance field has 14040 values
  DEBUG: Collected strains for 1241 nodes
  ✓ Saved 1241 nodal strain values
[417/500] Processing Plate_473.odb...
  DEBUG: Available steps: ['Step-1']
  DEBUG: Using step: Step-1, frames: 2
  DEBUG: Available field outputs: ['E']
  DEBUG: Strain field has 14040 values
  DEBUG: Checking available positions...
  DEBUG: Total transformed field values: 14040
  DEBUG: INTEGRATION_POINT field has 0 values
  DEBUG: ELEMENT_NODAL field has 14040 values
  DEBUG: Processing 1 instances
  DEBUG: Instance 'PLATE-1' has 2340 elements
  DEBUG: Instance field has 14040 values
  DEBUG: Collected strains for 1241 nodes
  ✓ Saved 1241 nodal strain values
[418/500] Processing Plate_474.odb...
  DEBUG: Available steps: ['Step-1']
  DEBUG: Using step: Step-1, frames: 2
  DEBUG: Available field outputs: ['E']
  DEBUG: Strain field has 14040 values
  DEBUG: Checking available positions...
  DEBUG: Total transformed field values: 14040
  DEBUG: INTEGRATION_POINT field has 0 values
  DEBUG: ELEMENT_NODAL field has 14040 values
  DEBUG: Processing 1 instances
  DEBUG: Instance 'PLATE-1' has 2340 elements
  DEBUG: Instance field has 14040 values
  DEBUG: Collected strains for 1241 nodes
  ✓ Saved 1241 nodal strain values
[419/500] Processing Plate_475.odb...
  DEBUG: Available steps: ['Step-1']
  DEBUG: Using step: Step-1, frames: 2
  DEBUG: Available field outputs: ['E']
  DEBUG: Strain field has 14040 values
  DEBUG: Checking available positions...
  DEBUG: Total transformed field values: 14040
  DEBUG: INTEGRATION_POINT field has 0 values
  DEBUG: ELEMENT_NODAL field has 14040 values
  DEBUG: Processing 1 instances
  DEBUG: Instance 'PLATE-1' has 2340 elements
  DEBUG: Instance field has 14040 values
  DEBUG: Collected strains for 1241 nodes
  ✓ Saved 1241 nodal strain values
[420/500] Processing Plate_476.odb...
  DEBUG: Available steps: ['Step-1']
  DEBUG: Using step: Step-1, frames: 2
  DEBUG: Available field outputs: ['E']
  DEBUG: Strain field has 14040 values
  DEBUG: Checking available positions...
  DEBUG: Total transformed field values: 14040
  DEBUG: INTEGRATION_POINT field has 0 values
  DEBUG: ELEMENT_NODAL field has 14040 values
  DEBUG: Processing 1 instances
  DEBUG: Instance 'PLATE-1' has 2340 elements
  DEBUG: Instance field has 14040 values
  DEBUG: Collected strains for 1241 nodes
  ✓ Saved 1241 nodal strain values
[421/500] Processing Plate_477.odb...
  DEBUG: Available steps: ['Step-1']
  DEBUG: Using step: Step-1, frames: 2
  DEBUG: Available field outputs: ['E']
  DEBUG: Strain field has 14040 values
  DEBUG: Checking available positions...
  DEBUG: Total transformed field values: 14040
  DEBUG: INTEGRATION_POINT field has 0 values
  DEBUG: ELEMENT_NODAL field has 14040 values
  DEBUG: Processing 1 instances
  DEBUG: Instance 'PLATE-1' has 2340 elements
  DEBUG: Instance field has 14040 values
  DEBUG: Collected strains for 1241 nodes
  ✓ Saved 1241 nodal strain values
[422/500] Processing Plate_478.odb...
  DEBUG: Available steps: ['Step-1']
  DEBUG: Using step: Step-1, frames: 2
  DEBUG: Available field outputs: ['E']
  DEBUG: Strain field has 14040 values
  DEBUG: Checking available positions...
  DEBUG: Total transformed field values: 14040
  DEBUG: INTEGRATION_POINT field has 0 values
  DEBUG: ELEMENT_NODAL field has 14040 values
  DEBUG: Processing 1 instances
  DEBUG: Instance 'PLATE-1' has 2340 elements
  DEBUG: Instance field has 14040 values
  DEBUG: Collected strains for 1241 nodes
  ✓ Saved 1241 nodal strain values
[423/500] Processing Plate_479.odb...
  DEBUG: Available steps: ['Step-1']
  DEBUG: Using step: Step-1, frames: 2
  DEBUG: Available field outputs: ['E']
  DEBUG: Strain field has 14040 values
  DEBUG: Checking available positions...
  DEBUG: Total transformed field values: 14040
  DEBUG: INTEGRATION_POINT field has 0 values
  DEBUG: ELEMENT_NODAL field has 14040 values
  DEBUG: Processing 1 instances
  DEBUG: Instance 'PLATE-1' has 2340 elements
  DEBUG: Instance field has 14040 values
  DEBUG: Collected strains for 1241 nodes
  ✓ Saved 1241 nodal strain values
[424/500] Processing Plate_48.odb...
  DEBUG: Available steps: ['Step-1']
  DEBUG: Using step: Step-1, frames: 2
  DEBUG: Available field outputs: ['E']
  DEBUG: Strain field has 13824 values
  DEBUG: Checking available positions...
  DEBUG: Total transformed field values: 13824
  DEBUG: INTEGRATION_POINT field has 0 values
  DEBUG: ELEMENT_NODAL field has 13824 values
  DEBUG: Processing 1 instances
  DEBUG: Instance 'PLATE-1' has 2304 elements
  DEBUG: Instance field has 13824 values
  DEBUG: Collected strains for 1231 nodes
  ✓ Saved 1231 nodal strain values
[425/500] Processing Plate_480.odb...
  DEBUG: Available steps: ['Step-1']
  DEBUG: Using step: Step-1, frames: 2
  DEBUG: Available field outputs: ['E']
  DEBUG: Strain field has 13440 values
  DEBUG: Checking available positions...
  DEBUG: Total transformed field values: 13440
  DEBUG: INTEGRATION_POINT field has 0 values
  DEBUG: ELEMENT_NODAL field has 13440 values
  DEBUG: Processing 1 instances
  DEBUG: Instance 'PLATE-1' has 2240 elements
  DEBUG: Instance field has 13440 values
  DEBUG: Collected strains for 1200 nodes
  ✓ Saved 1200 nodal strain values
[426/500] Processing Plate_481.odb...
  DEBUG: Available steps: ['Step-1']
  DEBUG: Using step: Step-1, frames: 2
  DEBUG: Available field outputs: ['E']
  DEBUG: Strain field has 13440 values
  DEBUG: Checking available positions...
  DEBUG: Total transformed field values: 13440
  DEBUG: INTEGRATION_POINT field has 0 values
  DEBUG: ELEMENT_NODAL field has 13440 values
  DEBUG: Processing 1 instances
  DEBUG: Instance 'PLATE-1' has 2240 elements
  DEBUG: Instance field has 13440 values
  DEBUG: Collected strains for 1200 nodes
  ✓ Saved 1200 nodal strain values
[427/500] Processing Plate_482.odb...
  DEBUG: Available steps: ['Step-1']
  DEBUG: Using step: Step-1, frames: 2
  DEBUG: Available field outputs: ['E']
  DEBUG: Strain field has 13440 values
  DEBUG: Checking available positions...
  DEBUG: Total transformed field values: 13440
  DEBUG: INTEGRATION_POINT field has 0 values
  DEBUG: ELEMENT_NODAL field has 13440 values
  DEBUG: Processing 1 instances
  DEBUG: Instance 'PLATE-1' has 2240 elements
  DEBUG: Instance field has 13440 values
  DEBUG: Collected strains for 1200 nodes
  ✓ Saved 1200 nodal strain values
[428/500] Processing Plate_483.odb...
  DEBUG: Available steps: ['Step-1']
  DEBUG: Using step: Step-1, frames: 2
  DEBUG: Available field outputs: ['E']
  DEBUG: Strain field has 13440 values
  DEBUG: Checking available positions...
  DEBUG: Total transformed field values: 13440
  DEBUG: INTEGRATION_POINT field has 0 values
  DEBUG: ELEMENT_NODAL field has 13440 values
  DEBUG: Processing 1 instances
  DEBUG: Instance 'PLATE-1' has 2240 elements
  DEBUG: Instance field has 13440 values
  DEBUG: Collected strains for 1200 nodes
  ✓ Saved 1200 nodal strain values
[429/500] Processing Plate_484.odb...
  DEBUG: Available steps: ['Step-1']
  DEBUG: Using step: Step-1, frames: 2
  DEBUG: Available field outputs: ['E']
  DEBUG: Strain field has 13440 values
  DEBUG: Checking available positions...
  DEBUG: Total transformed field values: 13440
  DEBUG: INTEGRATION_POINT field has 0 values
  DEBUG: ELEMENT_NODAL field has 13440 values
  DEBUG: Processing 1 instances
  DEBUG: Instance 'PLATE-1' has 2240 elements
  DEBUG: Instance field has 13440 values
  DEBUG: Collected strains for 1200 nodes
  ✓ Saved 1200 nodal strain values
[430/500] Processing Plate_485.odb...
  DEBUG: Available steps: ['Step-1']
  DEBUG: Using step: Step-1, frames: 2
  DEBUG: Available field outputs: ['E']
  DEBUG: Strain field has 13440 values
  DEBUG: Checking available positions...
  DEBUG: Total transformed field values: 13440
  DEBUG: INTEGRATION_POINT field has 0 values
  DEBUG: ELEMENT_NODAL field has 13440 values
  DEBUG: Processing 1 instances
  DEBUG: Instance 'PLATE-1' has 2240 elements
  DEBUG: Instance field has 13440 values
  DEBUG: Collected strains for 1200 nodes
  ✓ Saved 1200 nodal strain values
[431/500] Processing Plate_486.odb...
  DEBUG: Available steps: ['Step-1']
  DEBUG: Using step: Step-1, frames: 2
  DEBUG: Available field outputs: ['E']
  DEBUG: Strain field has 13440 values
  DEBUG: Checking available positions...
  DEBUG: Total transformed field values: 13440
  DEBUG: INTEGRATION_POINT field has 0 values
  DEBUG: ELEMENT_NODAL field has 13440 values
  DEBUG: Processing 1 instances
  DEBUG: Instance 'PLATE-1' has 2240 elements
  DEBUG: Instance field has 13440 values
  DEBUG: Collected strains for 1200 nodes
  ✓ Saved 1200 nodal strain values
[432/500] Processing Plate_487.odb...
  DEBUG: Available steps: ['Step-1']
  DEBUG: Using step: Step-1, frames: 2
  DEBUG: Available field outputs: ['E']
  DEBUG: Strain field has 13440 values
  DEBUG: Checking available positions...
  DEBUG: Total transformed field values: 13440
  DEBUG: INTEGRATION_POINT field has 0 values
  DEBUG: ELEMENT_NODAL field has 13440 values
  DEBUG: Processing 1 instances
  DEBUG: Instance 'PLATE-1' has 2240 elements
  DEBUG: Instance field has 13440 values
  DEBUG: Collected strains for 1200 nodes
  ✓ Saved 1200 nodal strain values
[433/500] Processing Plate_488.odb...
  DEBUG: Available steps: ['Step-1']
  DEBUG: Using step: Step-1, frames: 2
  DEBUG: Available field outputs: ['E']
  DEBUG: Strain field has 13440 values
  DEBUG: Checking available positions...
  DEBUG: Total transformed field values: 13440
  DEBUG: INTEGRATION_POINT field has 0 values
  DEBUG: ELEMENT_NODAL field has 13440 values
  DEBUG: Processing 1 instances
  DEBUG: Instance 'PLATE-1' has 2240 elements
  DEBUG: Instance field has 13440 values
  DEBUG: Collected strains for 1200 nodes
  ✓ Saved 1200 nodal strain values
[434/500] Processing Plate_489.odb...
  DEBUG: Available steps: ['Step-1']
  DEBUG: Using step: Step-1, frames: 2
  DEBUG: Available field outputs: ['E']
  DEBUG: Strain field has 13440 values
  DEBUG: Checking available positions...
  DEBUG: Total transformed field values: 13440
  DEBUG: INTEGRATION_POINT field has 0 values
  DEBUG: ELEMENT_NODAL field has 13440 values
  DEBUG: Processing 1 instances
  DEBUG: Instance 'PLATE-1' has 2240 elements
  DEBUG: Instance field has 13440 values
  DEBUG: Collected strains for 1200 nodes
  ✓ Saved 1200 nodal strain values
[435/500] Processing Plate_49.odb...
  DEBUG: Available steps: ['Step-1']
  DEBUG: Using step: Step-1, frames: 2
  DEBUG: Available field outputs: ['E']
  DEBUG: Strain field has 13824 values
  DEBUG: Checking available positions...
  DEBUG: Total transformed field values: 13824
  DEBUG: INTEGRATION_POINT field has 0 values
  DEBUG: ELEMENT_NODAL field has 13824 values
  DEBUG: Processing 1 instances
  DEBUG: Instance 'PLATE-1' has 2304 elements
  DEBUG: Instance field has 13824 values
  DEBUG: Collected strains for 1231 nodes
  ✓ Saved 1231 nodal strain values
[436/500] Processing Plate_490.odb...
  DEBUG: Available steps: ['Step-1']
  DEBUG: Using step: Step-1, frames: 2
  DEBUG: Available field outputs: ['E']
  DEBUG: Strain field has 13440 values
  DEBUG: Checking available positions...
  DEBUG: Total transformed field values: 13440
  DEBUG: INTEGRATION_POINT field has 0 values
  DEBUG: ELEMENT_NODAL field has 13440 values
  DEBUG: Processing 1 instances
  DEBUG: Instance 'PLATE-1' has 2240 elements
  DEBUG: Instance field has 13440 values
  DEBUG: Collected strains for 1200 nodes
  ✓ Saved 1200 nodal strain values
[437/500] Processing Plate_491.odb...
  DEBUG: Available steps: ['Step-1']
  DEBUG: Using step: Step-1, frames: 2
  DEBUG: Available field outputs: ['E']
  DEBUG: Strain field has 13440 values
  DEBUG: Checking available positions...
  DEBUG: Total transformed field values: 13440
  DEBUG: INTEGRATION_POINT field has 0 values
  DEBUG: ELEMENT_NODAL field has 13440 values
  DEBUG: Processing 1 instances
  DEBUG: Instance 'PLATE-1' has 2240 elements
  DEBUG: Instance field has 13440 values
  DEBUG: Collected strains for 1200 nodes
  ✓ Saved 1200 nodal strain values
[438/500] Processing Plate_492.odb...
  DEBUG: Available steps: ['Step-1']
  DEBUG: Using step: Step-1, frames: 2
  DEBUG: Available field outputs: ['E']
  DEBUG: Strain field has 13440 values
  DEBUG: Checking available positions...
  DEBUG: Total transformed field values: 13440
  DEBUG: INTEGRATION_POINT field has 0 values
  DEBUG: ELEMENT_NODAL field has 13440 values
  DEBUG: Processing 1 instances
  DEBUG: Instance 'PLATE-1' has 2240 elements
  DEBUG: Instance field has 13440 values
  DEBUG: Collected strains for 1200 nodes
  ✓ Saved 1200 nodal strain values
[439/500] Processing Plate_493.odb...
  DEBUG: Available steps: ['Step-1']
  DEBUG: Using step: Step-1, frames: 2
  DEBUG: Available field outputs: ['E']
  DEBUG: Strain field has 13440 values
  DEBUG: Checking available positions...
  DEBUG: Total transformed field values: 13440
  DEBUG: INTEGRATION_POINT field has 0 values
  DEBUG: ELEMENT_NODAL field has 13440 values
  DEBUG: Processing 1 instances
  DEBUG: Instance 'PLATE-1' has 2240 elements
  DEBUG: Instance field has 13440 values
  DEBUG: Collected strains for 1200 nodes
  ✓ Saved 1200 nodal strain values
[440/500] Processing Plate_494.odb...
  DEBUG: Available steps: ['Step-1']
  DEBUG: Using step: Step-1, frames: 2
  DEBUG: Available field outputs: ['E']
  DEBUG: Strain field has 13440 values
  DEBUG: Checking available positions...
  DEBUG: Total transformed field values: 13440
  DEBUG: INTEGRATION_POINT field has 0 values
  DEBUG: ELEMENT_NODAL field has 13440 values
  DEBUG: Processing 1 instances
  DEBUG: Instance 'PLATE-1' has 2240 elements
  DEBUG: Instance field has 13440 values
  DEBUG: Collected strains for 1200 nodes
  ✓ Saved 1200 nodal strain values
[441/500] Processing Plate_495.odb...
  DEBUG: Available steps: ['Step-1']
  DEBUG: Using step: Step-1, frames: 2
  DEBUG: Available field outputs: ['E']
  DEBUG: Strain field has 13440 values
  DEBUG: Checking available positions...
  DEBUG: Total transformed field values: 13440
  DEBUG: INTEGRATION_POINT field has 0 values
  DEBUG: ELEMENT_NODAL field has 13440 values
  DEBUG: Processing 1 instances
  DEBUG: Instance 'PLATE-1' has 2240 elements
  DEBUG: Instance field has 13440 values
  DEBUG: Collected strains for 1200 nodes
  ✓ Saved 1200 nodal strain values
[442/500] Processing Plate_496.odb...
  DEBUG: Available steps: ['Step-1']
  DEBUG: Using step: Step-1, frames: 2
  DEBUG: Available field outputs: ['E']
  DEBUG: Strain field has 13440 values
  DEBUG: Checking available positions...
  DEBUG: Total transformed field values: 13440
  DEBUG: INTEGRATION_POINT field has 0 values
  DEBUG: ELEMENT_NODAL field has 13440 values
  DEBUG: Processing 1 instances
  DEBUG: Instance 'PLATE-1' has 2240 elements
  DEBUG: Instance field has 13440 values
  DEBUG: Collected strains for 1200 nodes
  ✓ Saved 1200 nodal strain values
[443/500] Processing Plate_497.odb...
  DEBUG: Available steps: ['Step-1']
  DEBUG: Using step: Step-1, frames: 2
  DEBUG: Available field outputs: ['E']
  DEBUG: Strain field has 13440 values
  DEBUG: Checking available positions...
  DEBUG: Total transformed field values: 13440
  DEBUG: INTEGRATION_POINT field has 0 values
  DEBUG: ELEMENT_NODAL field has 13440 values
  DEBUG: Processing 1 instances
  DEBUG: Instance 'PLATE-1' has 2240 elements
  DEBUG: Instance field has 13440 values
  DEBUG: Collected strains for 1200 nodes
  ✓ Saved 1200 nodal strain values
[444/500] Processing Plate_498.odb...
  DEBUG: Available steps: ['Step-1']
  DEBUG: Using step: Step-1, frames: 2
  DEBUG: Available field outputs: ['E']
  DEBUG: Strain field has 13440 values
  DEBUG: Checking available positions...
  DEBUG: Total transformed field values: 13440
  DEBUG: INTEGRATION_POINT field has 0 values
  DEBUG: ELEMENT_NODAL field has 13440 values
  DEBUG: Processing 1 instances
  DEBUG: Instance 'PLATE-1' has 2240 elements
  DEBUG: Instance field has 13440 values
  DEBUG: Collected strains for 1200 nodes
  ✓ Saved 1200 nodal strain values
[445/500] Processing Plate_499.odb...
  DEBUG: Available steps: ['Step-1']
  DEBUG: Using step: Step-1, frames: 2
  DEBUG: Available field outputs: ['E']
  DEBUG: Strain field has 13440 values
  DEBUG: Checking available positions...
  DEBUG: Total transformed field values: 13440
  DEBUG: INTEGRATION_POINT field has 0 values
  DEBUG: ELEMENT_NODAL field has 13440 values
  DEBUG: Processing 1 instances
  DEBUG: Instance 'PLATE-1' has 2240 elements
  DEBUG: Instance field has 13440 values
  DEBUG: Collected strains for 1200 nodes
  ✓ Saved 1200 nodal strain values
[446/500] Processing Plate_5.odb...
  DEBUG: Available steps: ['Step-1']
  DEBUG: Using step: Step-1, frames: 2
  DEBUG: Available field outputs: ['E']
  DEBUG: Strain field has 13716 values
  DEBUG: Checking available positions...
  DEBUG: Total transformed field values: 13716
  DEBUG: INTEGRATION_POINT field has 0 values
  DEBUG: ELEMENT_NODAL field has 13716 values
  DEBUG: Processing 1 instances
  DEBUG: Instance 'PLATE-1' has 2286 elements
  DEBUG: Instance field has 13716 values
  DEBUG: Collected strains for 1219 nodes
  ✓ Saved 1219 nodal strain values
[447/500] Processing Plate_50.odb...
  DEBUG: Available steps: ['Step-1']
  DEBUG: Using step: Step-1, frames: 2
  DEBUG: Available field outputs: ['E']
  DEBUG: Strain field has 13824 values
  DEBUG: Checking available positions...
  DEBUG: Total transformed field values: 13824
  DEBUG: INTEGRATION_POINT field has 0 values
  DEBUG: ELEMENT_NODAL field has 13824 values
  DEBUG: Processing 1 instances
  DEBUG: Instance 'PLATE-1' has 2304 elements
  DEBUG: Instance field has 13824 values
  DEBUG: Collected strains for 1231 nodes
  ✓ Saved 1231 nodal strain values
[448/500] Processing Plate_51.odb...
  DEBUG: Available steps: ['Step-1']
  DEBUG: Using step: Step-1, frames: 2
  DEBUG: Available field outputs: ['E']
  DEBUG: Strain field has 13824 values
  DEBUG: Checking available positions...
  DEBUG: Total transformed field values: 13824
  DEBUG: INTEGRATION_POINT field has 0 values
  DEBUG: ELEMENT_NODAL field has 13824 values
  DEBUG: Processing 1 instances
  DEBUG: Instance 'PLATE-1' has 2304 elements
  DEBUG: Instance field has 13824 values
  DEBUG: Collected strains for 1231 nodes
  ✓ Saved 1231 nodal strain values
[449/500] Processing Plate_52.odb...
  DEBUG: Available steps: ['Step-1']
  DEBUG: Using step: Step-1, frames: 2
  DEBUG: Available field outputs: ['E']
  DEBUG: Strain field has 13824 values
  DEBUG: Checking available positions...
  DEBUG: Total transformed field values: 13824
  DEBUG: INTEGRATION_POINT field has 0 values
  DEBUG: ELEMENT_NODAL field has 13824 values
  DEBUG: Processing 1 instances
  DEBUG: Instance 'PLATE-1' has 2304 elements
  DEBUG: Instance field has 13824 values
  DEBUG: Collected strains for 1231 nodes
  ✓ Saved 1231 nodal strain values
[450/500] Processing Plate_53.odb...
  DEBUG: Available steps: ['Step-1']
  DEBUG: Using step: Step-1, frames: 2
  DEBUG: Available field outputs: ['E']
  DEBUG: Strain field has 13824 values
  DEBUG: Checking available positions...
  DEBUG: Total transformed field values: 13824
  DEBUG: INTEGRATION_POINT field has 0 values
  DEBUG: ELEMENT_NODAL field has 13824 values
  DEBUG: Processing 1 instances
  DEBUG: Instance 'PLATE-1' has 2304 elements
  DEBUG: Instance field has 13824 values
  DEBUG: Collected strains for 1231 nodes
  ✓ Saved 1231 nodal strain values
[451/500] Processing Plate_54.odb...
  DEBUG: Available steps: ['Step-1']
  DEBUG: Using step: Step-1, frames: 2
  DEBUG: Available field outputs: ['E']
  DEBUG: Strain field has 13824 values
  DEBUG: Checking available positions...
  DEBUG: Total transformed field values: 13824
  DEBUG: INTEGRATION_POINT field has 0 values
  DEBUG: ELEMENT_NODAL field has 13824 values
  DEBUG: Processing 1 instances
  DEBUG: Instance 'PLATE-1' has 2304 elements
  DEBUG: Instance field has 13824 values
  DEBUG: Collected strains for 1231 nodes
  ✓ Saved 1231 nodal strain values
[452/500] Processing Plate_55.odb...
  DEBUG: Available steps: ['Step-1']
  DEBUG: Using step: Step-1, frames: 2
  DEBUG: Available field outputs: ['E']
  DEBUG: Strain field has 13824 values
  DEBUG: Checking available positions...
  DEBUG: Total transformed field values: 13824
  DEBUG: INTEGRATION_POINT field has 0 values
  DEBUG: ELEMENT_NODAL field has 13824 values
  DEBUG: Processing 1 instances
  DEBUG: Instance 'PLATE-1' has 2304 elements
  DEBUG: Instance field has 13824 values
  DEBUG: Collected strains for 1231 nodes
  ✓ Saved 1231 nodal strain values
[453/500] Processing Plate_56.odb...
  DEBUG: Available steps: ['Step-1']
  DEBUG: Using step: Step-1, frames: 2
  DEBUG: Available field outputs: ['E']
  DEBUG: Strain field has 13824 values
  DEBUG: Checking available positions...
  DEBUG: Total transformed field values: 13824
  DEBUG: INTEGRATION_POINT field has 0 values
  DEBUG: ELEMENT_NODAL field has 13824 values
  DEBUG: Processing 1 instances
  DEBUG: Instance 'PLATE-1' has 2304 elements
  DEBUG: Instance field has 13824 values
  DEBUG: Collected strains for 1231 nodes
  ✓ Saved 1231 nodal strain values
[454/500] Processing Plate_57.odb...
  DEBUG: Available steps: ['Step-1']
  DEBUG: Using step: Step-1, frames: 2
  DEBUG: Available field outputs: ['E']
  DEBUG: Strain field has 13824 values
  DEBUG: Checking available positions...
  DEBUG: Total transformed field values: 13824
  DEBUG: INTEGRATION_POINT field has 0 values
  DEBUG: ELEMENT_NODAL field has 13824 values
  DEBUG: Processing 1 instances
  DEBUG: Instance 'PLATE-1' has 2304 elements
  DEBUG: Instance field has 13824 values
  DEBUG: Collected strains for 1231 nodes
  ✓ Saved 1231 nodal strain values
[455/500] Processing Plate_58.odb...
  DEBUG: Available steps: ['Step-1']
  DEBUG: Using step: Step-1, frames: 2
  DEBUG: Available field outputs: ['E']
  DEBUG: Strain field has 13824 values
  DEBUG: Checking available positions...
  DEBUG: Total transformed field values: 13824
  DEBUG: INTEGRATION_POINT field has 0 values
  DEBUG: ELEMENT_NODAL field has 13824 values
  DEBUG: Processing 1 instances
  DEBUG: Instance 'PLATE-1' has 2304 elements
  DEBUG: Instance field has 13824 values
  DEBUG: Collected strains for 1231 nodes
  ✓ Saved 1231 nodal strain values
[456/500] Processing Plate_59.odb...
  DEBUG: Available steps: ['Step-1']
  DEBUG: Using step: Step-1, frames: 2
  DEBUG: Available field outputs: ['E']
  DEBUG: Strain field has 13824 values
  DEBUG: Checking available positions...
  DEBUG: Total transformed field values: 13824
  DEBUG: INTEGRATION_POINT field has 0 values
  DEBUG: ELEMENT_NODAL field has 13824 values
  DEBUG: Processing 1 instances
  DEBUG: Instance 'PLATE-1' has 2304 elements
  DEBUG: Instance field has 13824 values
  DEBUG: Collected strains for 1231 nodes
  ✓ Saved 1231 nodal strain values
[457/500] Processing Plate_6.odb...
  DEBUG: Available steps: ['Step-1']
  DEBUG: Using step: Step-1, frames: 2
  DEBUG: Available field outputs: ['E']
  DEBUG: Strain field has 13716 values
  DEBUG: Checking available positions...
  DEBUG: Total transformed field values: 13716
  DEBUG: INTEGRATION_POINT field has 0 values
  DEBUG: ELEMENT_NODAL field has 13716 values
  DEBUG: Processing 1 instances
  DEBUG: Instance 'PLATE-1' has 2286 elements
  DEBUG: Instance field has 13716 values
  DEBUG: Collected strains for 1219 nodes
  ✓ Saved 1219 nodal strain values
[458/500] Processing Plate_60.odb...
  DEBUG: Available steps: ['Step-1']
  DEBUG: Using step: Step-1, frames: 2
  DEBUG: Available field outputs: ['E']
  DEBUG: Strain field has 13692 values
  DEBUG: Checking available positions...
  DEBUG: Total transformed field values: 13692
  DEBUG: INTEGRATION_POINT field has 0 values
  DEBUG: ELEMENT_NODAL field has 13692 values
  DEBUG: Processing 1 instances
  DEBUG: Instance 'PLATE-1' has 2282 elements
  DEBUG: Instance field has 13692 values
  DEBUG: Collected strains for 1225 nodes
  ✓ Saved 1225 nodal strain values
[459/500] Processing Plate_61.odb...
  DEBUG: Available steps: ['Step-1']
  DEBUG: Using step: Step-1, frames: 2
  DEBUG: Available field outputs: ['E']
  DEBUG: Strain field has 13692 values
  DEBUG: Checking available positions...
  DEBUG: Total transformed field values: 13692
  DEBUG: INTEGRATION_POINT field has 0 values
  DEBUG: ELEMENT_NODAL field has 13692 values
  DEBUG: Processing 1 instances
  DEBUG: Instance 'PLATE-1' has 2282 elements
  DEBUG: Instance field has 13692 values
  DEBUG: Collected strains for 1225 nodes
  ✓ Saved 1225 nodal strain values
[460/500] Processing Plate_62.odb...
  DEBUG: Available steps: ['Step-1']
  DEBUG: Using step: Step-1, frames: 2
  DEBUG: Available field outputs: ['E']
  DEBUG: Strain field has 13692 values
  DEBUG: Checking available positions...
  DEBUG: Total transformed field values: 13692
  DEBUG: INTEGRATION_POINT field has 0 values
  DEBUG: ELEMENT_NODAL field has 13692 values
  DEBUG: Processing 1 instances
  DEBUG: Instance 'PLATE-1' has 2282 elements
  DEBUG: Instance field has 13692 values
  DEBUG: Collected strains for 1225 nodes
  ✓ Saved 1225 nodal strain values
[461/500] Processing Plate_63.odb...
  DEBUG: Available steps: ['Step-1']
  DEBUG: Using step: Step-1, frames: 2
  DEBUG: Available field outputs: ['E']
  DEBUG: Strain field has 13692 values
  DEBUG: Checking available positions...
  DEBUG: Total transformed field values: 13692
  DEBUG: INTEGRATION_POINT field has 0 values
  DEBUG: ELEMENT_NODAL field has 13692 values
  DEBUG: Processing 1 instances
  DEBUG: Instance 'PLATE-1' has 2282 elements
  DEBUG: Instance field has 13692 values
  DEBUG: Collected strains for 1225 nodes
  ✓ Saved 1225 nodal strain values
[462/500] Processing Plate_64.odb...
  DEBUG: Available steps: ['Step-1']
  DEBUG: Using step: Step-1, frames: 2
  DEBUG: Available field outputs: ['E']
  DEBUG: Strain field has 13692 values
  DEBUG: Checking available positions...
  DEBUG: Total transformed field values: 13692
  DEBUG: INTEGRATION_POINT field has 0 values
  DEBUG: ELEMENT_NODAL field has 13692 values
  DEBUG: Processing 1 instances
  DEBUG: Instance 'PLATE-1' has 2282 elements
  DEBUG: Instance field has 13692 values
  DEBUG: Collected strains for 1225 nodes
  ✓ Saved 1225 nodal strain values
[463/500] Processing Plate_65.odb...
  DEBUG: Available steps: ['Step-1']
  DEBUG: Using step: Step-1, frames: 2
  DEBUG: Available field outputs: ['E']
  DEBUG: Strain field has 13692 values
  DEBUG: Checking available positions...
  DEBUG: Total transformed field values: 13692
  DEBUG: INTEGRATION_POINT field has 0 values
  DEBUG: ELEMENT_NODAL field has 13692 values
  DEBUG: Processing 1 instances
  DEBUG: Instance 'PLATE-1' has 2282 elements
  DEBUG: Instance field has 13692 values
  DEBUG: Collected strains for 1225 nodes
  ✓ Saved 1225 nodal strain values
[464/500] Processing Plate_66.odb...
  DEBUG: Available steps: ['Step-1']
  DEBUG: Using step: Step-1, frames: 2
  DEBUG: Available field outputs: ['E']
  DEBUG: Strain field has 13692 values
  DEBUG: Checking available positions...
  DEBUG: Total transformed field values: 13692
  DEBUG: INTEGRATION_POINT field has 0 values
  DEBUG: ELEMENT_NODAL field has 13692 values
  DEBUG: Processing 1 instances
  DEBUG: Instance 'PLATE-1' has 2282 elements
  DEBUG: Instance field has 13692 values
  DEBUG: Collected strains for 1225 nodes
  ✓ Saved 1225 nodal strain values
[465/500] Processing Plate_67.odb...
  DEBUG: Available steps: ['Step-1']
  DEBUG: Using step: Step-1, frames: 2
  DEBUG: Available field outputs: ['E']
  DEBUG: Strain field has 13692 values
  DEBUG: Checking available positions...
  DEBUG: Total transformed field values: 13692
  DEBUG: INTEGRATION_POINT field has 0 values
  DEBUG: ELEMENT_NODAL field has 13692 values
  DEBUG: Processing 1 instances
  DEBUG: Instance 'PLATE-1' has 2282 elements
  DEBUG: Instance field has 13692 values
  DEBUG: Collected strains for 1225 nodes
  ✓ Saved 1225 nodal strain values
[466/500] Processing Plate_68.odb...
  DEBUG: Available steps: ['Step-1']
  DEBUG: Using step: Step-1, frames: 2
  DEBUG: Available field outputs: ['E']
  DEBUG: Strain field has 13692 values
  DEBUG: Checking available positions...
  DEBUG: Total transformed field values: 13692
  DEBUG: INTEGRATION_POINT field has 0 values
  DEBUG: ELEMENT_NODAL field has 13692 values
  DEBUG: Processing 1 instances
  DEBUG: Instance 'PLATE-1' has 2282 elements
  DEBUG: Instance field has 13692 values
  DEBUG: Collected strains for 1225 nodes
  ✓ Saved 1225 nodal strain values
[467/500] Processing Plate_69.odb...
  DEBUG: Available steps: ['Step-1']
  DEBUG: Using step: Step-1, frames: 2
  DEBUG: Available field outputs: ['E']
  DEBUG: Strain field has 13692 values
  DEBUG: Checking available positions...
  DEBUG: Total transformed field values: 13692
  DEBUG: INTEGRATION_POINT field has 0 values
  DEBUG: ELEMENT_NODAL field has 13692 values
  DEBUG: Processing 1 instances
  DEBUG: Instance 'PLATE-1' has 2282 elements
  DEBUG: Instance field has 13692 values
  DEBUG: Collected strains for 1225 nodes
  ✓ Saved 1225 nodal strain values
[468/500] Processing Plate_7.odb...
  DEBUG: Available steps: ['Step-1']
  DEBUG: Using step: Step-1, frames: 2
  DEBUG: Available field outputs: ['E']
  DEBUG: Strain field has 13716 values
  DEBUG: Checking available positions...
  DEBUG: Total transformed field values: 13716
  DEBUG: INTEGRATION_POINT field has 0 values
  DEBUG: ELEMENT_NODAL field has 13716 values
  DEBUG: Processing 1 instances
  DEBUG: Instance 'PLATE-1' has 2286 elements
  DEBUG: Instance field has 13716 values
  DEBUG: Collected strains for 1219 nodes
  ✓ Saved 1219 nodal strain values
[469/500] Processing Plate_70.odb...
  DEBUG: Available steps: ['Step-1']
  DEBUG: Using step: Step-1, frames: 2
  DEBUG: Available field outputs: ['E']
  DEBUG: Strain field has 13692 values
  DEBUG: Checking available positions...
  DEBUG: Total transformed field values: 13692
  DEBUG: INTEGRATION_POINT field has 0 values
  DEBUG: ELEMENT_NODAL field has 13692 values
  DEBUG: Processing 1 instances
  DEBUG: Instance 'PLATE-1' has 2282 elements
  DEBUG: Instance field has 13692 values
  DEBUG: Collected strains for 1225 nodes
  ✓ Saved 1225 nodal strain values
[470/500] Processing Plate_71.odb...
  DEBUG: Available steps: ['Step-1']
  DEBUG: Using step: Step-1, frames: 2
  DEBUG: Available field outputs: ['E']
  DEBUG: Strain field has 13692 values
  DEBUG: Checking available positions...
  DEBUG: Total transformed field values: 13692
  DEBUG: INTEGRATION_POINT field has 0 values
  DEBUG: ELEMENT_NODAL field has 13692 values
  DEBUG: Processing 1 instances
  DEBUG: Instance 'PLATE-1' has 2282 elements
  DEBUG: Instance field has 13692 values
  DEBUG: Collected strains for 1225 nodes
  ✓ Saved 1225 nodal strain values
[471/500] Processing Plate_72.odb...
  DEBUG: Available steps: ['Step-1']
  DEBUG: Using step: Step-1, frames: 2
  DEBUG: Available field outputs: ['E']
  DEBUG: Strain field has 13692 values
  DEBUG: Checking available positions...
  DEBUG: Total transformed field values: 13692
  DEBUG: INTEGRATION_POINT field has 0 values
  DEBUG: ELEMENT_NODAL field has 13692 values
  DEBUG: Processing 1 instances
  DEBUG: Instance 'PLATE-1' has 2282 elements
  DEBUG: Instance field has 13692 values
  DEBUG: Collected strains for 1225 nodes
  ✓ Saved 1225 nodal strain values
[472/500] Processing Plate_73.odb...
  DEBUG: Available steps: ['Step-1']
  DEBUG: Using step: Step-1, frames: 2
  DEBUG: Available field outputs: ['E']
  DEBUG: Strain field has 13692 values
  DEBUG: Checking available positions...
  DEBUG: Total transformed field values: 13692
  DEBUG: INTEGRATION_POINT field has 0 values
  DEBUG: ELEMENT_NODAL field has 13692 values
  DEBUG: Processing 1 instances
  DEBUG: Instance 'PLATE-1' has 2282 elements
  DEBUG: Instance field has 13692 values
  DEBUG: Collected strains for 1225 nodes
  ✓ Saved 1225 nodal strain values
[473/500] Processing Plate_74.odb...
  DEBUG: Available steps: ['Step-1']
  DEBUG: Using step: Step-1, frames: 2
  DEBUG: Available field outputs: ['E']
  DEBUG: Strain field has 13692 values
  DEBUG: Checking available positions...
  DEBUG: Total transformed field values: 13692
  DEBUG: INTEGRATION_POINT field has 0 values
  DEBUG: ELEMENT_NODAL field has 13692 values
  DEBUG: Processing 1 instances
  DEBUG: Instance 'PLATE-1' has 2282 elements
  DEBUG: Instance field has 13692 values
  DEBUG: Collected strains for 1225 nodes
  ✓ Saved 1225 nodal strain values
[474/500] Processing Plate_75.odb...
  DEBUG: Available steps: ['Step-1']
  DEBUG: Using step: Step-1, frames: 2
  DEBUG: Available field outputs: ['E']
  DEBUG: Strain field has 13692 values
  DEBUG: Checking available positions...
  DEBUG: Total transformed field values: 13692
  DEBUG: INTEGRATION_POINT field has 0 values
  DEBUG: ELEMENT_NODAL field has 13692 values
  DEBUG: Processing 1 instances
  DEBUG: Instance 'PLATE-1' has 2282 elements
  DEBUG: Instance field has 13692 values
  DEBUG: Collected strains for 1225 nodes
  ✓ Saved 1225 nodal strain values
[475/500] Processing Plate_76.odb...
  DEBUG: Available steps: ['Step-1']
  DEBUG: Using step: Step-1, frames: 2
  DEBUG: Available field outputs: ['E']
  DEBUG: Strain field has 13692 values
  DEBUG: Checking available positions...
  DEBUG: Total transformed field values: 13692
  DEBUG: INTEGRATION_POINT field has 0 values
  DEBUG: ELEMENT_NODAL field has 13692 values
  DEBUG: Processing 1 instances
  DEBUG: Instance 'PLATE-1' has 2282 elements
  DEBUG: Instance field has 13692 values
  DEBUG: Collected strains for 1225 nodes
  ✓ Saved 1225 nodal strain values
[476/500] Processing Plate_77.odb...
  DEBUG: Available steps: ['Step-1']
  DEBUG: Using step: Step-1, frames: 2
  DEBUG: Available field outputs: ['E']
  DEBUG: Strain field has 13692 values
  DEBUG: Checking available positions...
  DEBUG: Total transformed field values: 13692
  DEBUG: INTEGRATION_POINT field has 0 values
  DEBUG: ELEMENT_NODAL field has 13692 values
  DEBUG: Processing 1 instances
  DEBUG: Instance 'PLATE-1' has 2282 elements
  DEBUG: Instance field has 13692 values
  DEBUG: Collected strains for 1225 nodes
  ✓ Saved 1225 nodal strain values
[477/500] Processing Plate_78.odb...
  DEBUG: Available steps: ['Step-1']
  DEBUG: Using step: Step-1, frames: 2
  DEBUG: Available field outputs: ['E']
  DEBUG: Strain field has 13692 values
  DEBUG: Checking available positions...
  DEBUG: Total transformed field values: 13692
  DEBUG: INTEGRATION_POINT field has 0 values
  DEBUG: ELEMENT_NODAL field has 13692 values
  DEBUG: Processing 1 instances
  DEBUG: Instance 'PLATE-1' has 2282 elements
  DEBUG: Instance field has 13692 values
  DEBUG: Collected strains for 1225 nodes
  ✓ Saved 1225 nodal strain values
[478/500] Processing Plate_79.odb...
  DEBUG: Available steps: ['Step-1']
  DEBUG: Using step: Step-1, frames: 2
  DEBUG: Available field outputs: ['E']
  DEBUG: Strain field has 13692 values
  DEBUG: Checking available positions...
  DEBUG: Total transformed field values: 13692
  DEBUG: INTEGRATION_POINT field has 0 values
  DEBUG: ELEMENT_NODAL field has 13692 values
  DEBUG: Processing 1 instances
  DEBUG: Instance 'PLATE-1' has 2282 elements
  DEBUG: Instance field has 13692 values
  DEBUG: Collected strains for 1225 nodes
  ✓ Saved 1225 nodal strain values
[479/500] Processing Plate_8.odb...
  DEBUG: Available steps: ['Step-1']
  DEBUG: Using step: Step-1, frames: 2
  DEBUG: Available field outputs: ['E']
  DEBUG: Strain field has 13716 values
  DEBUG: Checking available positions...
  DEBUG: Total transformed field values: 13716
  DEBUG: INTEGRATION_POINT field has 0 values
  DEBUG: ELEMENT_NODAL field has 13716 values
  DEBUG: Processing 1 instances
  DEBUG: Instance 'PLATE-1' has 2286 elements
  DEBUG: Instance field has 13716 values
  DEBUG: Collected strains for 1219 nodes
  ✓ Saved 1219 nodal strain values
[480/500] Processing Plate_80.odb...
  DEBUG: Available steps: ['Step-1']
  DEBUG: Using step: Step-1, frames: 2
  DEBUG: Available field outputs: ['E']
  DEBUG: Strain field has 13656 values
  DEBUG: Checking available positions...
  DEBUG: Total transformed field values: 13656
  DEBUG: INTEGRATION_POINT field has 0 values
  DEBUG: ELEMENT_NODAL field has 13656 values
  DEBUG: Processing 1 instances
  DEBUG: Instance 'PLATE-1' has 2276 elements
  DEBUG: Instance field has 13656 values
  DEBUG: Collected strains for 1211 nodes
  ✓ Saved 1211 nodal strain values
[481/500] Processing Plate_81.odb...
  DEBUG: Available steps: ['Step-1']
  DEBUG: Using step: Step-1, frames: 2
  DEBUG: Available field outputs: ['E']
  DEBUG: Strain field has 13656 values
  DEBUG: Checking available positions...
  DEBUG: Total transformed field values: 13656
  DEBUG: INTEGRATION_POINT field has 0 values
  DEBUG: ELEMENT_NODAL field has 13656 values
  DEBUG: Processing 1 instances
  DEBUG: Instance 'PLATE-1' has 2276 elements
  DEBUG: Instance field has 13656 values
  DEBUG: Collected strains for 1211 nodes
  ✓ Saved 1211 nodal strain values
[482/500] Processing Plate_82.odb...
  DEBUG: Available steps: ['Step-1']
  DEBUG: Using step: Step-1, frames: 2
  DEBUG: Available field outputs: ['E']
  DEBUG: Strain field has 13656 values
  DEBUG: Checking available positions...
  DEBUG: Total transformed field values: 13656
  DEBUG: INTEGRATION_POINT field has 0 values
  DEBUG: ELEMENT_NODAL field has 13656 values
  DEBUG: Processing 1 instances
  DEBUG: Instance 'PLATE-1' has 2276 elements
  DEBUG: Instance field has 13656 values
  DEBUG: Collected strains for 1211 nodes
  ✓ Saved 1211 nodal strain values
[483/500] Processing Plate_83.odb...
  DEBUG: Available steps: ['Step-1']
  DEBUG: Using step: Step-1, frames: 2
  DEBUG: Available field outputs: ['E']
  DEBUG: Strain field has 13656 values
  DEBUG: Checking available positions...
  DEBUG: Total transformed field values: 13656
  DEBUG: INTEGRATION_POINT field has 0 values
  DEBUG: ELEMENT_NODAL field has 13656 values
  DEBUG: Processing 1 instances
  DEBUG: Instance 'PLATE-1' has 2276 elements
  DEBUG: Instance field has 13656 values
  DEBUG: Collected strains for 1211 nodes
  ✓ Saved 1211 nodal strain values
[484/500] Processing Plate_84.odb...
  DEBUG: Available steps: ['Step-1']
  DEBUG: Using step: Step-1, frames: 2
  DEBUG: Available field outputs: ['E']
  DEBUG: Strain field has 13656 values
  DEBUG: Checking available positions...
  DEBUG: Total transformed field values: 13656
  DEBUG: INTEGRATION_POINT field has 0 values
  DEBUG: ELEMENT_NODAL field has 13656 values
  DEBUG: Processing 1 instances
  DEBUG: Instance 'PLATE-1' has 2276 elements
  DEBUG: Instance field has 13656 values
  DEBUG: Collected strains for 1211 nodes
  ✓ Saved 1211 nodal strain values
[485/500] Processing Plate_85.odb...
  DEBUG: Available steps: ['Step-1']
  DEBUG: Using step: Step-1, frames: 2
  DEBUG: Available field outputs: ['E']
  DEBUG: Strain field has 13656 values
  DEBUG: Checking available positions...
  DEBUG: Total transformed field values: 13656
  DEBUG: INTEGRATION_POINT field has 0 values
  DEBUG: ELEMENT_NODAL field has 13656 values
  DEBUG: Processing 1 instances
  DEBUG: Instance 'PLATE-1' has 2276 elements
  DEBUG: Instance field has 13656 values
  DEBUG: Collected strains for 1211 nodes
  ✓ Saved 1211 nodal strain values
[486/500] Processing Plate_86.odb...
  DEBUG: Available steps: ['Step-1']
  DEBUG: Using step: Step-1, frames: 2
  DEBUG: Available field outputs: ['E']
  DEBUG: Strain field has 13656 values
  DEBUG: Checking available positions...
  DEBUG: Total transformed field values: 13656
  DEBUG: INTEGRATION_POINT field has 0 values
  DEBUG: ELEMENT_NODAL field has 13656 values
  DEBUG: Processing 1 instances
  DEBUG: Instance 'PLATE-1' has 2276 elements
  DEBUG: Instance field has 13656 values
  DEBUG: Collected strains for 1211 nodes
  ✓ Saved 1211 nodal strain values
[487/500] Processing Plate_87.odb...
  DEBUG: Available steps: ['Step-1']
  DEBUG: Using step: Step-1, frames: 2
  DEBUG: Available field outputs: ['E']
  DEBUG: Strain field has 13656 values
  DEBUG: Checking available positions...
  DEBUG: Total transformed field values: 13656
  DEBUG: INTEGRATION_POINT field has 0 values
  DEBUG: ELEMENT_NODAL field has 13656 values
  DEBUG: Processing 1 instances
  DEBUG: Instance 'PLATE-1' has 2276 elements
  DEBUG: Instance field has 13656 values
  DEBUG: Collected strains for 1211 nodes
  ✓ Saved 1211 nodal strain values
[488/500] Processing Plate_88.odb...
  DEBUG: Available steps: ['Step-1']
  DEBUG: Using step: Step-1, frames: 2
  DEBUG: Available field outputs: ['E']
  DEBUG: Strain field has 13656 values
  DEBUG: Checking available positions...
  DEBUG: Total transformed field values: 13656
  DEBUG: INTEGRATION_POINT field has 0 values
  DEBUG: ELEMENT_NODAL field has 13656 values
  DEBUG: Processing 1 instances
  DEBUG: Instance 'PLATE-1' has 2276 elements
  DEBUG: Instance field has 13656 values
  DEBUG: Collected strains for 1211 nodes
  ✓ Saved 1211 nodal strain values
[489/500] Processing Plate_89.odb...
  DEBUG: Available steps: ['Step-1']
  DEBUG: Using step: Step-1, frames: 2
  DEBUG: Available field outputs: ['E']
  DEBUG: Strain field has 13656 values
  DEBUG: Checking available positions...
  DEBUG: Total transformed field values: 13656
  DEBUG: INTEGRATION_POINT field has 0 values
  DEBUG: ELEMENT_NODAL field has 13656 values
  DEBUG: Processing 1 instances
  DEBUG: Instance 'PLATE-1' has 2276 elements
  DEBUG: Instance field has 13656 values
  DEBUG: Collected strains for 1211 nodes
  ✓ Saved 1211 nodal strain values
[490/500] Processing Plate_9.odb...
  DEBUG: Available steps: ['Step-1']
  DEBUG: Using step: Step-1, frames: 2
  DEBUG: Available field outputs: ['E']
  DEBUG: Strain field has 13716 values
  DEBUG: Checking available positions...
  DEBUG: Total transformed field values: 13716
  DEBUG: INTEGRATION_POINT field has 0 values
  DEBUG: ELEMENT_NODAL field has 13716 values
  DEBUG: Processing 1 instances
  DEBUG: Instance 'PLATE-1' has 2286 elements
  DEBUG: Instance field has 13716 values
  DEBUG: Collected strains for 1219 nodes
  ✓ Saved 1219 nodal strain values
[491/500] Processing Plate_90.odb...
  DEBUG: Available steps: ['Step-1']
  DEBUG: Using step: Step-1, frames: 2
  DEBUG: Available field outputs: ['E']
  DEBUG: Strain field has 13656 values
  DEBUG: Checking available positions...
  DEBUG: Total transformed field values: 13656
  DEBUG: INTEGRATION_POINT field has 0 values
  DEBUG: ELEMENT_NODAL field has 13656 values
  DEBUG: Processing 1 instances
  DEBUG: Instance 'PLATE-1' has 2276 elements
  DEBUG: Instance field has 13656 values
  DEBUG: Collected strains for 1211 nodes
  ✓ Saved 1211 nodal strain values
[492/500] Processing Plate_91.odb...
  DEBUG: Available steps: ['Step-1']
  DEBUG: Using step: Step-1, frames: 2
  DEBUG: Available field outputs: ['E']
  DEBUG: Strain field has 13656 values
  DEBUG: Checking available positions...
  DEBUG: Total transformed field values: 13656
  DEBUG: INTEGRATION_POINT field has 0 values
  DEBUG: ELEMENT_NODAL field has 13656 values
  DEBUG: Processing 1 instances
  DEBUG: Instance 'PLATE-1' has 2276 elements
  DEBUG: Instance field has 13656 values
  DEBUG: Collected strains for 1211 nodes
  ✓ Saved 1211 nodal strain values
[493/500] Processing Plate_92.odb...
  DEBUG: Available steps: ['Step-1']
  DEBUG: Using step: Step-1, frames: 2
  DEBUG: Available field outputs: ['E']
  DEBUG: Strain field has 13656 values
  DEBUG: Checking available positions...
  DEBUG: Total transformed field values: 13656
  DEBUG: INTEGRATION_POINT field has 0 values
  DEBUG: ELEMENT_NODAL field has 13656 values
  DEBUG: Processing 1 instances
  DEBUG: Instance 'PLATE-1' has 2276 elements
  DEBUG: Instance field has 13656 values
  DEBUG: Collected strains for 1211 nodes
  ✓ Saved 1211 nodal strain values
[494/500] Processing Plate_93.odb...
  DEBUG: Available steps: ['Step-1']
  DEBUG: Using step: Step-1, frames: 2
  DEBUG: Available field outputs: ['E']
  DEBUG: Strain field has 13656 values
  DEBUG: Checking available positions...
  DEBUG: Total transformed field values: 13656
  DEBUG: INTEGRATION_POINT field has 0 values
  DEBUG: ELEMENT_NODAL field has 13656 values
  DEBUG: Processing 1 instances
  DEBUG: Instance 'PLATE-1' has 2276 elements
  DEBUG: Instance field has 13656 values
  DEBUG: Collected strains for 1211 nodes
  ✓ Saved 1211 nodal strain values
[495/500] Processing Plate_94.odb...
  DEBUG: Available steps: ['Step-1']
  DEBUG: Using step: Step-1, frames: 2
  DEBUG: Available field outputs: ['E']
  DEBUG: Strain field has 13656 values
  DEBUG: Checking available positions...
  DEBUG: Total transformed field values: 13656
  DEBUG: INTEGRATION_POINT field has 0 values
  DEBUG: ELEMENT_NODAL field has 13656 values
  DEBUG: Processing 1 instances
  DEBUG: Instance 'PLATE-1' has 2276 elements
  DEBUG: Instance field has 13656 values
  DEBUG: Collected strains for 1211 nodes
  ✓ Saved 1211 nodal strain values
[496/500] Processing Plate_95.odb...
  DEBUG: Available steps: ['Step-1']
  DEBUG: Using step: Step-1, frames: 2
  DEBUG: Available field outputs: ['E']
  DEBUG: Strain field has 13656 values
  DEBUG: Checking available positions...
  DEBUG: Total transformed field values: 13656
  DEBUG: INTEGRATION_POINT field has 0 values
  DEBUG: ELEMENT_NODAL field has 13656 values
  DEBUG: Processing 1 instances
  DEBUG: Instance 'PLATE-1' has 2276 elements
  DEBUG: Instance field has 13656 values
  DEBUG: Collected strains for 1211 nodes
  ✓ Saved 1211 nodal strain values
[497/500] Processing Plate_96.odb...
  DEBUG: Available steps: ['Step-1']
  DEBUG: Using step: Step-1, frames: 2
  DEBUG: Available field outputs: ['E']
  DEBUG: Strain field has 13656 values
  DEBUG: Checking available positions...
  DEBUG: Total transformed field values: 13656
  DEBUG: INTEGRATION_POINT field has 0 values
  DEBUG: ELEMENT_NODAL field has 13656 values
  DEBUG: Processing 1 instances
  DEBUG: Instance 'PLATE-1' has 2276 elements
  DEBUG: Instance field has 13656 values
  DEBUG: Collected strains for 1211 nodes
  ✓ Saved 1211 nodal strain values
[498/500] Processing Plate_97.odb...
  DEBUG: Available steps: ['Step-1']
  DEBUG: Using step: Step-1, frames: 2
  DEBUG: Available field outputs: ['E']
  DEBUG: Strain field has 13656 values
  DEBUG: Checking available positions...
  DEBUG: Total transformed field values: 13656
  DEBUG: INTEGRATION_POINT field has 0 values
  DEBUG: ELEMENT_NODAL field has 13656 values
  DEBUG: Processing 1 instances
  DEBUG: Instance 'PLATE-1' has 2276 elements
  DEBUG: Instance field has 13656 values
  DEBUG: Collected strains for 1211 nodes
  ✓ Saved 1211 nodal strain values
[499/500] Processing Plate_98.odb...
  DEBUG: Available steps: ['Step-1']
  DEBUG: Using step: Step-1, frames: 2
  DEBUG: Available field outputs: ['E']
  DEBUG: Strain field has 13656 values
  DEBUG: Checking available positions...
  DEBUG: Total transformed field values: 13656
  DEBUG: INTEGRATION_POINT field has 0 values
  DEBUG: ELEMENT_NODAL field has 13656 values
  DEBUG: Processing 1 instances
  DEBUG: Instance 'PLATE-1' has 2276 elements
  DEBUG: Instance field has 13656 values
  DEBUG: Collected strains for 1211 nodes
  ✓ Saved 1211 nodal strain values
[500/500] Processing Plate_99.odb...
  DEBUG: Available steps: ['Step-1']
  DEBUG: Using step: Step-1, frames: 2
  DEBUG: Available field outputs: ['E']
  DEBUG: Strain field has 13656 values
  DEBUG: Checking available positions...
  DEBUG: Total transformed field values: 13656
  DEBUG: INTEGRATION_POINT field has 0 values
  DEBUG: ELEMENT_NODAL field has 13656 values
  DEBUG: Processing 1 instances
  DEBUG: Instance 'PLATE-1' has 2276 elements
  DEBUG: Instance field has 13656 values
  DEBUG: Collected strains for 1211 nodes
  ✓ Saved 1211 nodal strain values
================================================================================
ELASTIC CASE: STRAIN EXTRACTION COMPLETE
================================================================================
Processed 500 files
Output directory: /home/lpatrign/HybridAttentionGNN/data/interim/linear/strains
RT script done
